source,title,description,content,url,published_at,text
NewsAPI,How to Use Loop in Claude Code : Run Recurring Checks in Your Projects,"The “Loop” feature in Cloud Code offers a focused solution for automating short-term, recurring tasks within a three-day timeframe. As highlighted by Nate Herk | AI Automation, this feature combines the precision of cron jobs with the simplicity of natural la…","The “Loop” feature in Cloud Code offers a focused solution for automating short-term, recurring tasks within a three-day timeframe. As highlighted by Nate Herk | AI Automation, this feature combines … [+6589 chars]",https://www.geeky-gadgets.com/claude-code-loop-cron-session-scheduling/,2026-03-11T07:45:00Z,"How to Use Loop in Claude Code : Run Recurring Checks in Your Projects. The “Loop” feature in Cloud Code offers a focused solution for automating short-term, recurring tasks within a three-day timeframe. As highlighted by Nate Herk | AI Automation, this feature combines the precision of cron jobs with the simplicity of natural la…"
NewsAPI,burla 1.4.3,Easy to use cluster-compute software.,"A required part of this site couldnt load. This may be due to a browser
 extension, network issues, or browser settings. Please check your
 connection, disable any ad blockers, or try using a diffe… [+12 chars]",https://pypi.org/project/burla/1.4.3/,2026-03-11T07:44:59Z,burla 1.4.3. Easy to use cluster-compute software.
NewsAPI,matrx-orm 3.0.21,"Async-first PostgreSQL ORM with bidirectional migrations, schema introspection, many-to-many relationships, and built-in state caching. Works with any PostgreSQL database.","A required part of this site couldnt load. This may be due to a browser
 extension, network issues, or browser settings. Please check your
 connection, disable any ad blockers, or try using a diffe… [+12 chars]",https://pypi.org/project/matrx-orm/3.0.21/,2026-03-11T07:44:36Z,"matrx-orm 3.0.21. Async-first PostgreSQL ORM with bidirectional migrations, schema introspection, many-to-many relationships, and built-in state caching. Works with any PostgreSQL database."
NewsAPI,dmagent 0.10.14,DarkMatter — self-organizing mesh networks for AI agents via MCP,"A required part of this site couldnt load. This may be due to a browser
 extension, network issues, or browser settings. Please check your
 connection, disable any ad blockers, or try using a diffe… [+12 chars]",https://pypi.org/project/dmagent/0.10.14/,2026-03-11T07:44:13Z,dmagent 0.10.14. DarkMatter — self-organizing mesh networks for AI agents via MCP
NewsAPI,mixinv2 0.3.0.post81.dev0,"A dependency injection framework with pytest-fixture syntax, plus a configuration language for declarative programming","A required part of this site couldnt load. This may be due to a browser
 extension, network issues, or browser settings. Please check your
 connection, disable any ad blockers, or try using a diffe… [+12 chars]",https://pypi.org/project/mixinv2/0.3.0.post81.dev0/,2026-03-11T07:42:43Z,"mixinv2 0.3.0.post81.dev0. A dependency injection framework with pytest-fixture syntax, plus a configuration language for declarative programming"
NewsAPI,AutoKernel: Autoresearch for GPU Kernels,"Autoresearch for GPU kernels. Give it any PyTorch model, go to sleep, wake up to optimized Triton kernels. - RightNow-AI/autokernel","Autoresearch for GPU kernels. Give it any PyTorch model, go to sleep, wake up to optimized Triton kernels.
Inspired by @karpathy/autoresearch -- which demonstrated autonomous AI agents for LLM train… [+8109 chars]",https://github.com/RightNow-AI/autokernel,2026-03-11T07:42:10Z,"AutoKernel: Autoresearch for GPU Kernels. Autoresearch for GPU kernels. Give it any PyTorch model, go to sleep, wake up to optimized Triton kernels. - RightNow-AI/autokernel"
NewsAPI,"Digital Marketing Specialist - HYS Enterprise Internship, 25 March","Date: 25 March (Wednesday)Place: Online

Are you ready to kickstart your marketing career in a dynamic and innovative environment? We are looking for a proactive and enthusiastic Digital Marketing Specialist (Intern) to join our team. This is an excellent opp…",Are you ready to kickstart your marketing career in a dynamic and innovative environment? We are looking for a proactive and enthusiastic Digital Marketing Specialist (Intern) to join our team. This … [+1839 chars],https://dou.ua/calendar/56715/,2026-03-11T07:41:31Z,"Digital Marketing Specialist - HYS Enterprise Internship, 25 March. Date: 25 March (Wednesday)Place: Online Are you ready to kickstart your marketing career in a dynamic and innovative environment? We are looking for a proactive and enthusiastic Digital Marketing Specialist (Intern) to join our team. This is an excellent opp…"
NewsAPI,dmagent 0.10.13,DarkMatter — self-organizing mesh networks for AI agents via MCP,"A required part of this site couldnt load. This may be due to a browser
 extension, network issues, or browser settings. Please check your
 connection, disable any ad blockers, or try using a diffe… [+12 chars]",https://pypi.org/project/dmagent/0.10.13/,2026-03-11T07:40:56Z,dmagent 0.10.13. DarkMatter — self-organizing mesh networks for AI agents via MCP
NewsAPI,hoox-mcp added to PyPI,MCP server for Hoox — AI video generation platform,"Official Model Context Protocol (MCP) server for Hoox the AI video generation platform. This server lets any MCP-compatible client (Claude Desktop, Cursor, Windsurf, etc.) generate videos, manage ava… [+5284 chars]",https://pypi.org/project/hoox-mcp/,2026-03-11T07:40:56Z,hoox-mcp added to PyPI. MCP server for Hoox — AI video generation platform
NewsAPI,hoox-mcp 0.1.0,MCP server for Hoox — AI video generation platform,"A required part of this site couldnt load. This may be due to a browser
 extension, network issues, or browser settings. Please check your
 connection, disable any ad blockers, or try using a diffe… [+12 chars]",https://pypi.org/project/hoox-mcp/0.1.0/,2026-03-11T07:40:56Z,hoox-mcp 0.1.0. MCP server for Hoox — AI video generation platform
NewsAPI,tgcore 1.0.55,"TGCoreSDK | Enterprise Telegram SDK framework with fluent builder API, platform tools, and AI integrations.","A required part of this site couldnt load. This may be due to a browser
 extension, network issues, or browser settings. Please check your
 connection, disable any ad blockers, or try using a diffe… [+12 chars]",https://pypi.org/project/tgcore/1.0.55/,2026-03-11T07:40:52Z,"tgcore 1.0.55. TGCoreSDK | Enterprise Telegram SDK framework with fluent builder API, platform tools, and AI integrations."
NewsAPI,AI or human: writing passages,"We are approaching a point (or we’re here already) where generated output is not much different from human-made things. So instead of deciphering what is fake and real, we might be asking whi…","We are approaching a point (or we’re here already) where generated output is not much different from human-made things. So instead of deciphering what is fake and real, we might be asking which is be… [+468 chars]",https://flowingdata.com/2026/03/11/ai-or-human-writing-passages/,2026-03-11T07:40:39Z,"AI or human: writing passages. We are approaching a point (or we’re here already) where generated output is not much different from human-made things. So instead of deciphering what is fake and real, we might be asking whi…"
NewsAPI,uidetox added to PyPI,Agent harness and CLI to eliminate AI slop from frontend code,"A required part of this site couldnt load. This may be due to a browser
 extension, network issues, or browser settings. Please check your
 connection, disable any ad blockers, or try using a diffe… [+12 chars]",https://pypi.org/project/uidetox/,2026-03-11T07:40:12Z,uidetox added to PyPI. Agent harness and CLI to eliminate AI slop from frontend code
NewsAPI,uidetox 0.1.0,Agent harness and CLI to eliminate AI slop from frontend code,"A required part of this site couldnt load. This may be due to a browser
 extension, network issues, or browser settings. Please check your
 connection, disable any ad blockers, or try using a diffe… [+12 chars]",https://pypi.org/project/uidetox/0.1.0/,2026-03-11T07:40:12Z,uidetox 0.1.0. Agent harness and CLI to eliminate AI slop from frontend code
NewsAPI,iqlabs-solana-sdk 0.1.8,"IQLabs Solana SDK for Python — on-chain data storage, database tables, and connections","A required part of this site couldnt load. This may be due to a browser
 extension, network issues, or browser settings. Please check your
 connection, disable any ad blockers, or try using a diffe… [+12 chars]",https://pypi.org/project/iqlabs-solana-sdk/0.1.8/,2026-03-11T07:39:26Z,"iqlabs-solana-sdk 0.1.8. IQLabs Solana SDK for Python — on-chain data storage, database tables, and connections"
NewsAPI,xulang 0.4.0,Xulang: a minimalist programming language with no rules to memorize. Dedicated to my dear little mouse.,"A required part of this site couldnt load. This may be due to a browser
 extension, network issues, or browser settings. Please check your
 connection, disable any ad blockers, or try using a diffe… [+12 chars]",https://pypi.org/project/xulang/0.4.0/,2026-03-11T07:38:54Z,xulang 0.4.0. Xulang: a minimalist programming language with no rules to memorize. Dedicated to my dear little mouse.
NewsAPI,Can AI tell if your food is ultra-processed? CMC Vellore doctor breaks down what studies found,Artificial intelligence is now helping identify ultra-processed foods. A recent study shows tools like ChatGPT can classify foods with high accuracy. This capability is crucial as ultra-processed foods link to serious health issues. AI can speed up dietary an…,"In a world where supermarket shelves are packed with packaged snacks, instant meals, and ready-to-eat foods, understanding what we actually eat has become increasingly complicated. Nutrition experts … [+3937 chars]",https://economictimes.indiatimes.com/magazines/panache/can-ai-tell-if-your-food-is-ultra-processed-cmc-vellore-doctor-breaks-down-what-studies-found/articleshow/129445346.cms,2026-03-11T07:38:40Z,Can AI tell if your food is ultra-processed? CMC Vellore doctor breaks down what studies found. Artificial intelligence is now helping identify ultra-processed foods. A recent study shows tools like ChatGPT can classify foods with high accuracy. This capability is crucial as ultra-processed foods link to serious health issues. AI can speed up dietary an…
NewsAPI,ekodb-client 0.12.0,Python client for ekoDB - a high-performance document database,"A required part of this site couldnt load. This may be due to a browser
 extension, network issues, or browser settings. Please check your
 connection, disable any ad blockers, or try using a diffe… [+12 chars]",https://pypi.org/project/ekodb-client/0.12.0/,2026-03-11T07:37:28Z,ekodb-client 0.12.0. Python client for ekoDB - a high-performance document database
NewsAPI,pyignite-migrate 0.1.3,Database migration tool for Apache Ignite,"A required part of this site couldnt load. This may be due to a browser
 extension, network issues, or browser settings. Please check your
 connection, disable any ad blockers, or try using a diffe… [+12 chars]",https://pypi.org/project/pyignite-migrate/0.1.3/,2026-03-11T07:35:50Z,pyignite-migrate 0.1.3. Database migration tool for Apache Ignite
NewsAPI,kiss-agent-framework 0.2.25,KISS Agent Framework - A simple and portable agent framework for building and evolving AI agents,"A required part of this site couldnt load. This may be due to a browser
 extension, network issues, or browser settings. Please check your
 connection, disable any ad blockers, or try using a diffe… [+12 chars]",https://pypi.org/project/kiss-agent-framework/0.2.25/,2026-03-11T07:34:58Z,kiss-agent-framework 0.2.25. KISS Agent Framework - A simple and portable agent framework for building and evolving AI agents
NewsAPI,"Facephi’s Vision for 2026: A Structural Winner in a Rapidly Evolving, AI-Enabled Digital Identity and Fraud-Prevention Market","Facephi’s Vision for 2026: A Structural Winner in a Rapidly Evolving, AI-Enabled Digital Identity and Fraud-Prevention Market  2025, a Catalyst Year:...","Facephis Vision for 2026: A Structural Winner in a Rapidly Evolving, AI-Enabled Digital Identity and Fraud-Prevention Market
<ul><li>2025, a Catalyst Year: Facephi evolved from a biometric company i… [+3805 chars]",https://www.globenewswire.com/news-release/2026/03/11/3253524/0/en/Facephi-s-Vision-for-2026-A-Structural-Winner-in-a-Rapidly-Evolving-AI-Enabled-Digital-Identity-and-Fraud-Prevention-Market.html,2026-03-11T07:34:00Z,"Facephi’s Vision for 2026: A Structural Winner in a Rapidly Evolving, AI-Enabled Digital Identity and Fraud-Prevention Market. Facephi’s Vision for 2026: A Structural Winner in a Rapidly Evolving, AI-Enabled Digital Identity and Fraud-Prevention Market 2025, a Catalyst Year:..."
NewsAPI,codespine 0.5.2,Local Java code intelligence indexer backed by a graph database,"A required part of this site couldnt load. This may be due to a browser
 extension, network issues, or browser settings. Please check your
 connection, disable any ad blockers, or try using a diffe… [+12 chars]",https://pypi.org/project/codespine/0.5.2/,2026-03-11T07:32:59Z,codespine 0.5.2. Local Java code intelligence indexer backed by a graph database
NewsAPI,First 'Made-in-India' bullet train to be ready soon. Check when you can book tickets for Mumbai–Ahmedabad high-speed rail,"India's first bullet train corridor, the Mumbai-Ahmedabad High-Speed Rail project, will commence operations in August 2027 on the Surat-Vapi stretch using the indigenous B28 bullet train. This marks a significant step towards domestic manufacturing capability…","Indias ambitious high-speed rail project has reached a significant milestone, with the government confirming that the first stretch of the MumbaiAhmedabad High-Speed Rail corridor will operate using … [+4403 chars]",https://economictimes.indiatimes.com/news/new-updates/first-made-in-india-bullet-train-to-be-ready-soon-check-when-you-can-book-tickets-for-mumbaiahmedabad-high-speed-rail/articleshow/129444556.cms,2026-03-11T07:32:55Z,"First 'Made-in-India' bullet train to be ready soon. Check when you can book tickets for Mumbai–Ahmedabad high-speed rail. India's first bullet train corridor, the Mumbai-Ahmedabad High-Speed Rail project, will commence operations in August 2027 on the Surat-Vapi stretch using the indigenous B28 bullet train. This marks a significant step towards domestic manufacturing capability…"
NewsAPI,costguard-cli 2.0.8,CostGuard CI/CD validation CLI — shift-left cost governance for cloud infrastructure,"A required part of this site couldnt load. This may be due to a browser
 extension, network issues, or browser settings. Please check your
 connection, disable any ad blockers, or try using a diffe… [+12 chars]",https://pypi.org/project/costguard-cli/2.0.8/,2026-03-11T07:32:42Z,costguard-cli 2.0.8. CostGuard CI/CD validation CLI — shift-left cost governance for cloud infrastructure
NewsAPI,UNC6426 Exploits nx npm Supply-Chain Attack to Gain AWS Admin Access in 72 Hours,"A threat actor known as UNC6426 leveraged keys stolen following the supply chain compromise of the nx npm package last year to completely breach a victim's cloud environment within a span of 72 hours.
The attack started with the theft of a developer's GitHub …",A threat actor known as UNC6426 leveraged keys stolen following the supply chain compromise of the nx npm package last year to completely breach a victim's cloud environment within a span of 72 hours… [+4192 chars],https://thehackernews.com/2026/03/unc6426-exploits-nx-npm-supply-chain.html,2026-03-11T07:31:00Z,UNC6426 Exploits nx npm Supply-Chain Attack to Gain AWS Admin Access in 72 Hours. A threat actor known as UNC6426 leveraged keys stolen following the supply chain compromise of the nx npm package last year to completely breach a victim's cloud environment within a span of 72 hours. The attack started with the theft of a developer's GitHub …
NewsAPI,animus-forge 1.9.0,Multi-agent orchestration framework for production AI workflows,"A required part of this site couldnt load. This may be due to a browser
 extension, network issues, or browser settings. Please check your
 connection, disable any ad blockers, or try using a diffe… [+12 chars]",https://pypi.org/project/animus-forge/1.9.0/,2026-03-11T07:30:37Z,animus-forge 1.9.0. Multi-agent orchestration framework for production AI workflows
NewsAPI,echemdb-ecdata 0.7.6,a database for published electrochemical data inferred from SVG and raw CSV files.,"A required part of this site couldnt load. This may be due to a browser
 extension, network issues, or browser settings. Please check your
 connection, disable any ad blockers, or try using a diffe… [+12 chars]",https://pypi.org/project/echemdb-ecdata/0.7.6/,2026-03-11T07:30:23Z,echemdb-ecdata 0.7.6. a database for published electrochemical data inferred from SVG and raw CSV files.
NewsAPI,Travelers are turning to AI to plan trips — but hallucinations and trust gaps remain,"More travelers are turning to AI to plan their trips, but concerns over accuracy and trust continue to shadow the technology’s rapid adoption.","For many travelers, the process of planning their trips is a grueling slog through endless price comparisons and messy browser tabs. Increasingly, they are outsourcing the task to artificial intellig… [+5306 chars]",https://www.cnbc.com/2026/03/11/ai-travel-planners-tourism-popularity-trust-hallucinations.html,2026-03-11T07:29:40Z,"Travelers are turning to AI to plan trips — but hallucinations and trust gaps remain. More travelers are turning to AI to plan their trips, but concerns over accuracy and trust continue to shadow the technology’s rapid adoption."
NewsAPI,AI has made the Command Line Interface more important and powerful than ever before,"Google knows asking agents to navigate GUIs designed for humans is ridiculous. Microsoft might not
Opinion The command line interface is making a comeback because graphical user interfaces are a poor fit for autonomous agents, which could spell trouble for a …","Opinion The command line interface is making a comeback because graphical user interfaces are a poor fit for autonomous agents, which could spell trouble for a lot of software and software makers.
F… [+5286 chars]",https://www.theregister.com/2026/03/11/ai_needs_command_line_interface/,2026-03-11T07:28:13Z,"AI has made the Command Line Interface more important and powerful than ever before. Google knows asking agents to navigate GUIs designed for humans is ridiculous. Microsoft might not Opinion The command line interface is making a comeback because graphical user interfaces are a poor fit for autonomous agents, which could spell trouble for a …"
NewsAPI,Empowering New Paths to Stable Returns: Futurionex Builds Core AI Wealth Management System,"DENVER, March 11, 2026 (GLOBE NEWSWIRE) -- The structure of crypto asset investment has continued to evolve, and intelligent wealth management solutions have become a focal point in the industry. As volatility in the digital currency market intensifies and co…","DENVER, March 11, 2026 (GLOBE NEWSWIRE) -- The structure of crypto asset investment has continued to evolve, and intelligent wealth management solutions have become a focal point in the industry. As … [+2610 chars]",https://www.globenewswire.com/news-release/2026/03/11/3253521/0/en/Empowering-New-Paths-to-Stable-Returns-Futurionex-Builds-Core-AI-Wealth-Management-System.html,2026-03-11T07:28:00Z,"Empowering New Paths to Stable Returns: Futurionex Builds Core AI Wealth Management System. DENVER, March 11, 2026 (GLOBE NEWSWIRE) -- The structure of crypto asset investment has continued to evolve, and intelligent wealth management solutions have become a focal point in the industry. As volatility in the digital currency market intensifies and co…"
NewsAPI,Google rolls out Gemini in Chrome in India: Here’s what it does and how to use it,"Google Chrome now features Gemini, an AI assistant, for users in India. This tool helps summarise webpages and compare information across different tabs. Users can access Gemini through a side panel to ask questions or generate content. The integration extend…","Google on Wednesday rolled out Gemini inside Google Chrome for users in India, bringing its AI assistant directly into the browser to help summarise webpages, compare information across tabs and comp… [+2324 chars]",https://economictimes.indiatimes.com/news/new-updates/google-launches-gemini-in-chrome-india-features-how-to-use/articleshow/129445174.cms,2026-03-11T07:23:23Z,"Google rolls out Gemini in Chrome in India: Here’s what it does and how to use it. Google Chrome now features Gemini, an AI assistant, for users in India. This tool helps summarise webpages and compare information across different tabs. Users can access Gemini through a side panel to ask questions or generate content. The integration extend…"
NewsAPI,"AMD Ryzen AI Embedded P100 series expands with up to 12 Zen 5 cores, 80 TOPS of AI performance","At CES 2026, we saw AMD launch its new Ryzen AI Embedded P100 series of SoCs, with four- and six-core models designed for Edge AI. At the time of writing, the lineup had six SKUs, with higher-core variants to be announced later. Now at Embedded World 2026, AM…","At CES 2026, we saw AMD launch its new Ryzen AI Embedded P100 series of SoCs, with four- and six-core models designed for Edge AI. At the time of writing, the lineup had six SKUs, with higher-core va… [+5242 chars]",https://www.cnx-software.com/2026/03/11/amd-ryzen-ai-embedded-p100-series-expands-with-up-to-12-zen-5-cores-80-tops-of-ai-performance/,2026-03-11T07:21:08Z,"AMD Ryzen AI Embedded P100 series expands with up to 12 Zen 5 cores, 80 TOPS of AI performance. At CES 2026, we saw AMD launch its new Ryzen AI Embedded P100 series of SoCs, with four- and six-core models designed for Edge AI. At the time of writing, the lineup had six SKUs, with higher-core variants to be announced later. Now at Embedded World 2026, AM…"
NewsAPI,OnePlus Nord Buds 4 Pro launch date is officially confirmed along with some specs,"OnePlus is launching a new generation of its mid-range earbuds in India on March 19 at 12PM local time. These will be called Nord Buds 4 Pro, and they are obviously the successors to the Nord Buds 3 Pro.

Through a dedicated teaser microsite, the brand promis…","OnePlus is launching a new generation of its mid-range earbuds in India on March 19 at 12PM local time. These will be called Nord Buds 4 Pro, and they are obviously the successors to the Nord Buds 3 … [+510 chars]",https://www.gsmarena.com/oneplus_nord_buds_4_pro_launch_date_is_officially_confirmed_along_with_some_specs-news-71900.php,2026-03-11T07:19:02Z,"OnePlus Nord Buds 4 Pro launch date is officially confirmed along with some specs. OnePlus is launching a new generation of its mid-range earbuds in India on March 19 at 12PM local time. These will be called Nord Buds 4 Pro, and they are obviously the successors to the Nord Buds 3 Pro. Through a dedicated teaser microsite, the brand promis…"
NewsAPI,Bamboo Digital Technologies Defines the 2026 Fintech Landscape with Digital Banking and eWallet Software Solutions,"HONG KONG, March 11, 2026 (GLOBE NEWSWIRE) -- Bamboo Digital Technologies (BambooDT), a software development firm, today unveiled its “Vision 2026” enterprise infrastructure suite. As financial institutions accelerate the adoption of AI-driven technologies, B…","HONG KONG, March 11, 2026 (GLOBE NEWSWIRE) -- Bamboo Digital Technologies (BambooDT), a software development firm, today unveiled its Vision 2026 enterprise infrastructure suite. As financial institu… [+2855 chars]",https://www.globenewswire.com/news-release/2026/03/11/3253519/0/en/Bamboo-Digital-Technologies-Defines-the-2026-Fintech-Landscape-with-Digital-Banking-and-eWallet-Software-Solutions.html,2026-03-11T07:19:00Z,"Bamboo Digital Technologies Defines the 2026 Fintech Landscape with Digital Banking and eWallet Software Solutions. HONG KONG, March 11, 2026 (GLOBE NEWSWIRE) -- Bamboo Digital Technologies (BambooDT), a software development firm, today unveiled its “Vision 2026” enterprise infrastructure suite. As financial institutions accelerate the adoption of AI-driven technologies, B…"
NewsAPI,"ASE breaks ground on AI advanced packaging site in Southern Taiwan, set for 2Q28 completion","ASE Technology Holding has broken ground on its third technology park in Nanzi, Kaohsiung, focused on advanced semiconductor packaging and smart logistics, with construction to start within 2026 and finish by the second quarter of 2028, and a total investment…","Save my User ID and Password
Some subscribers prefer to save their log-in information so they do not have to enter their User ID and Password each time they visit the site. To activate this function… [+307 chars]",https://www.digitimes.com/news/a20260311PD226/ase-ai-logistics-packaging-testing.html,2026-03-11T07:18:25Z,"ASE breaks ground on AI advanced packaging site in Southern Taiwan, set for 2Q28 completion. ASE Technology Holding has broken ground on its third technology park in Nanzi, Kaohsiung, focused on advanced semiconductor packaging and smart logistics, with construction to start within 2026 and finish by the second quarter of 2028, and a total investment…"
NewsAPI,Microsoft backs Anthropic in court: Top 10 key updates in Claude maker's lawsuit against US government blacklist,"Anthropic has filed lawsuits against the US government after negotiations with the Pentagon broke down over AI use in classified settings. The company claims it was blacklisted for adhering to AI safety standards, alleging government pressure on its customers…",The clash between Anthropic and the US government has now reached the courts. The Claude AI maker had been in negotiations with the Pentagon for weeks about the use of its AI in classified settings b… [+3103 chars],https://www.livemint.com/companies/news/microsoft-backs-anthropic-in-court-top-10-key-updates-in-the-claude-makers-lawsuit-over-us-government-blacklist-11773207353442.html,2026-03-11T07:18:22Z,"Microsoft backs Anthropic in court: Top 10 key updates in Claude maker's lawsuit against US government blacklist. Anthropic has filed lawsuits against the US government after negotiations with the Pentagon broke down over AI use in classified settings. The company claims it was blacklisted for adhering to AI safety standards, alleging government pressure on its customers…"
NewsAPI,orca-gym 26.3.1,OrcaGym Core - Cloud-native robotics simulation platform compatible with Gymnasium API,"A required part of this site couldnt load. This may be due to a browser
 extension, network issues, or browser settings. Please check your
 connection, disable any ad blockers, or try using a diffe… [+12 chars]",https://pypi.org/project/orca-gym/26.3.1/,2026-03-11T07:18:18Z,orca-gym 26.3.1. OrcaGym Core - Cloud-native robotics simulation platform compatible with Gymnasium API
NewsAPI,orca-lab 26.3.1,OrcaLab - Cloud-native robotics simulation platform with advanced UI and asset management,"A required part of this site couldnt load. This may be due to a browser
 extension, network issues, or browser settings. Please check your
 connection, disable any ad blockers, or try using a diffe… [+12 chars]",https://pypi.org/project/orca-lab/26.3.1/,2026-03-11T07:17:45Z,orca-lab 26.3.1. OrcaLab - Cloud-native robotics simulation platform with advanced UI and asset management
NewsAPI,"Zencoder CEO to developers: OpenClaw is the canary, not the destination","As every good software engineer known, OpenClaw is an open source autonomous AI agent framework that runs locally on a users own hardware. Quite viral in nature (its status has seen it rocket up ...","As every good software engineer known, OpenClaw is an open source autonomous AI agent framework that runs locally on a users own hardware.
Quite viral in nature (its status has seen it rocket up the… [+4262 chars]",https://www.computerweekly.com/blog/CW-Developer-Network/Zencoder-CEO-to-developers-OpenClaw-is-the-canary-not-the-destination,2026-03-11T07:17:14Z,"Zencoder CEO to developers: OpenClaw is the canary, not the destination. As every good software engineer known, OpenClaw is an open source autonomous AI agent framework that runs locally on a users own hardware. Quite viral in nature (its status has seen it rocket up ..."
NewsAPI,"Futurionex AI Wealth Management Function Launched, Creating a New Paradigm for Intelligent Asset Allocation","DENVER, March 11, 2026 (GLOBE NEWSWIRE) -- Futurionex announced the launch of its brand-new AI wealth management engine, offering users with different risk preferences an integrated capability of “data modeling—strategy execution—automatic rebalancing.” The g…","DENVER, March 11, 2026 (GLOBE NEWSWIRE) -- Futurionex announced the launch of its brand-new AI wealth management engine, offering users with different risk preferences an integrated capability of dat… [+2720 chars]",https://www.globenewswire.com/news-release/2026/03/11/3253518/0/en/Futurionex-AI-Wealth-Management-Function-Launched-Creating-a-New-Paradigm-for-Intelligent-Asset-Allocation.html,2026-03-11T07:16:00Z,"Futurionex AI Wealth Management Function Launched, Creating a New Paradigm for Intelligent Asset Allocation. DENVER, March 11, 2026 (GLOBE NEWSWIRE) -- Futurionex announced the launch of its brand-new AI wealth management engine, offering users with different risk preferences an integrated capability of “data modeling—strategy execution—automatic rebalancing.” The g…"
NewsAPI,"AI driving 'largest infra buildout in history', needs trillions in investment: Nvidia's Jensen Huang","Huang conceptualised AI as a ""five-layer cake"" comprising energy, chips, infrastructure, models, and applications. He emphasised that energy forms the foundational layer and remains the ""binding constraint"" on how much intelligence a system can produce","Artificial Intelligence is sparking the ""largest infrastructure buildout in human history,"" requiring trillions of dollars in investment and creating massive demand for skilled blue-collar labour, NV… [+2204 chars]",https://www.thehindubusinessline.com/info-tech/ai-driving-largest-infra-buildout-in-history-needs-trillions-in-investment-nvidias-jensen-huang/article70730055.ece,2026-03-11T07:13:48Z,"AI driving 'largest infra buildout in history', needs trillions in investment: Nvidia's Jensen Huang. Huang conceptualised AI as a ""five-layer cake"" comprising energy, chips, infrastructure, models, and applications. He emphasised that energy forms the foundational layer and remains the ""binding constraint"" on how much intelligence a system can produce"
NewsAPI,Facebook owner Meta buys 'social media network for AI' Moltbook - BBC,"Facebook owner Meta buys 'social media network for AI' MoltbookBBC Exclusive: Meta acquires Moltbook, the social network for AI agentsAxios Meta just bought the social network for AI bots everyone’s been talking aboutCNN Meta gets into social networks for AI …","It seems that more and more mathematicians are using a new, high level
language named ""research student"".",https://slashdot.org/firehose.pl?op=view&amp;id=180950540,2026-03-11T07:12:53Z,"Facebook owner Meta buys 'social media network for AI' Moltbook - BBC. Facebook owner Meta buys 'social media network for AI' MoltbookBBC Exclusive: Meta acquires Moltbook, the social network for AI agentsAxios Meta just bought the social network for AI bots everyone’s been talking aboutCNN Meta gets into social networks for AI …"
NewsAPI,At MWC Barcelona: AI glasses promise real-time translation in 87 languages,"Arutz Sheva - Israel National News visits the Mobile World Congress in Barcelona, where companies showcased new AI-driven technologies, including ultra-light smart glasses capable of translating speech and visual text in dozens of languages.","At the Mobile World Congress (MWC) technology exhibition in Barcelona, companies from around the world unveiled the latest developments in artificial intelligence and connected devices.
Among the in… [+747 chars]",https://www.israelnationalnews.com/news/423739,2026-03-11T07:11:00Z,"At MWC Barcelona: AI glasses promise real-time translation in 87 languages. Arutz Sheva - Israel National News visits the Mobile World Congress in Barcelona, where companies showcased new AI-driven technologies, including ultra-light smart glasses capable of translating speech and visual text in dozens of languages."
NewsAPI,Early Anthropic funder reportedly raising US$3B in new funding as VC concentrates on AI leaders,"Spark Capital, the first venture capital (VC) firm to invest in Anthropic, is reportedly raising roughly US$3 billion in new funds, according to The Information. This new amount, 50% higher than the funds it raised two years ago, comes as leading AI companies…","Spark Capital, the first venture capital (VC) firm to invest in Anthropic, is reportedly raising roughly US$3 billion in new funds, according to The Information. This new amount, 50% higher than the … [+49 chars]",https://www.digitimes.com/news/a20260311VL213/anthropic-funding-venture-capital-investment-fundraising.html,2026-03-11T07:09:28Z,"Early Anthropic funder reportedly raising US$3B in new funding as VC concentrates on AI leaders. Spark Capital, the first venture capital (VC) firm to invest in Anthropic, is reportedly raising roughly US$3 billion in new funds, according to The Information. This new amount, 50% higher than the funds it raised two years ago, comes as leading AI companies…"
NewsAPI,keratin 0.1.2,AI-powered Rhino3D MCP bridge — connect Claude to Rhinoceros 3D,"A required part of this site couldnt load. This may be due to a browser
 extension, network issues, or browser settings. Please check your
 connection, disable any ad blockers, or try using a diffe… [+12 chars]",https://pypi.org/project/keratin/0.1.2/,2026-03-11T07:09:13Z,keratin 0.1.2. AI-powered Rhino3D MCP bridge — connect Claude to Rhinoceros 3D
NewsAPI,"Canal+ taps Google and OpenAI for AI-driven video production, content recommendation",March 11 - French media group Canal+ on Wednesday unveiled multi-year agreements with Alphabet's Google Cloud and OpenAI to integrate generative artificial intelligence into its production workflows and streaming service. The company is seeking to rival Netfl…,March 11 - French media group Canal+ on Wednesday unveiled multi-year agreements with Alphabet's Google Cloud and OpenAI to integrate generative artificial intelligence into its production workflows … [+1403 chars],https://www.channelnewsasia.com/business/canal-taps-google-and-openai-ai-driven-video-production-content-recommendation-5986171,2026-03-11T07:07:30Z,"Canal+ taps Google and OpenAI for AI-driven video production, content recommendation. March 11 - French media group Canal+ on Wednesday unveiled multi-year agreements with Alphabet's Google Cloud and OpenAI to integrate generative artificial intelligence into its production workflows and streaming service. The company is seeking to rival Netfl…"
NewsAPI,sporemesh 0.6.1,Decentralized AI research protocol — BitTorrent for ML experiments,"A required part of this site couldnt load. This may be due to a browser
 extension, network issues, or browser settings. Please check your
 connection, disable any ad blockers, or try using a diffe… [+12 chars]",https://pypi.org/project/sporemesh/0.6.1/,2026-03-11T07:07:25Z,sporemesh 0.6.1. Decentralized AI research protocol — BitTorrent for ML experiments
NewsAPI,Federal University of Technology Minna {FUTMIN} 2026/27 Diploma Form/Remedial Fo,"Federal University of Technology Minna {FUTMIN} 2026/27 Diploma Form/Remedial Fo - posted in Windows Crashes and Blue Screen of Death (BSOD) Help and Support: 
Federal University of Technology Minna {FUTMIN} 2026/27 Diploma Form/Remedial Form Is Out Now Call …","0 members, 5 guests, 0 anonymous users",https://www.bleepingcomputer.com/forums/t/814693/federal-university-of-technology-minna-futmin-202627-diploma-formremedial-fo/,2026-03-11T07:07:19Z,Federal University of Technology Minna {FUTMIN} 2026/27 Diploma Form/Remedial Fo. Federal University of Technology Minna {FUTMIN} 2026/27 Diploma Form/Remedial Fo - posted in Windows Crashes and Blue Screen of Death (BSOD) Help and Support: Federal University of Technology Minna {FUTMIN} 2026/27 Diploma Form/Remedial Form Is Out Now Call …
NewsAPI,intentkit 0.11.25,Intent-based AI Agent Platform - Core Package,"A required part of this site couldnt load. This may be due to a browser
 extension, network issues, or browser settings. Please check your
 connection, disable any ad blockers, or try using a diffe… [+12 chars]",https://pypi.org/project/intentkit/0.11.25/,2026-03-11T07:04:47Z,intentkit 0.11.25. Intent-based AI Agent Platform - Core Package
NewsAPI,"OpenClaw craze sees Mac minis briefly sold out in China as AI agent costs top CNY10,000","China's latest AI trend has moved beyond developer experiments. The rapid rise of OpenClaw, an open-source AI agent nicknamed ""lobster,"" is driving hardware purchases, installation services, and a broader push by Chinese cloud and device companies to bring AI…","Save my User ID and Password
Some subscribers prefer to save their log-in information so they do not have to enter their User ID and Password each time they visit the site. To activate this function… [+307 chars]",https://www.digitimes.com/news/a20260311PD205/openclaw-ai-agent-mac-mini-hardware-china.html,2026-03-11T07:03:29Z,"OpenClaw craze sees Mac minis briefly sold out in China as AI agent costs top CNY10,000. China's latest AI trend has moved beyond developer experiments. The rapid rise of OpenClaw, an open-source AI agent nicknamed ""lobster,"" is driving hardware purchases, installation services, and a broader push by Chinese cloud and device companies to bring AI…"
NewsAPI,agent-blueprint 0.1.0,"Declarative, framework-agnostic AI agent blueprints via YAML","A required part of this site couldnt load. This may be due to a browser
 extension, network issues, or browser settings. Please check your
 connection, disable any ad blockers, or try using a diffe… [+12 chars]",https://pypi.org/project/agent-blueprint/0.1.0/,2026-03-11T07:00:27Z,"agent-blueprint 0.1.0. Declarative, framework-agnostic AI agent blueprints via YAML"
NewsAPI,agent-blueprint added to PyPI,"Declarative, framework-agnostic AI agent blueprints via YAML","Declarative, framework-agnostic AI agent orchestration via YAML.
Define your agent graph in a YAML file. Generate production-ready code for LangGraph, CrewAI, or plain Python no boilerplate.
abpini… [+22963 chars]",https://pypi.org/project/agent-blueprint/,2026-03-11T07:00:27Z,"agent-blueprint added to PyPI. Declarative, framework-agnostic AI agent blueprints via YAML"
NewsAPI,Apple Just Dropped iOS 26.4 Beta 4: Here is the Expected Launch Date,"Apple has officially released iOS 26.4 developer beta 4, marking the final stages of testing before the public rollout. This update introduces a combination of new features, accessibility improvements, and system optimizations aimed at enhancing the overall u…","Apple has officially released iOS 26.4 developer beta 4, marking the final stages of testing before the public rollout. This update introduces a combination of new features, accessibility improvement… [+4493 chars]",https://www.geeky-gadgets.com/ios-26-4-new-features-3/,2026-03-11T07:00:21Z,"Apple Just Dropped iOS 26.4 Beta 4: Here is the Expected Launch Date. Apple has officially released iOS 26.4 developer beta 4, marking the final stages of testing before the public rollout. This update introduces a combination of new features, accessibility improvements, and system optimizations aimed at enhancing the overall u…"
NewsAPI,ASUS’s X870 BIOS Adds “Future” Ryzen CPU Support: Could Be Ryzen AI 400 or 9950X3D2,"ASUS has released a new BETA BIOS for its X870 motherboards, which adds support for a future Ryzen CPU, could it be Ryzen AI 400 or 9950X3D2? ASUS X870 Motherboards Receive Support For A Future AMD Ryzen CPU In Latest BIOS ASUS has rolled out a new BETA BIOS …","ASUS has released a new BETA BIOS for its X870 motherboards, which adds support for a future Ryzen CPU, could it be Ryzen AI 400 or 9950X3D2?
ASUS has rolled out a new BETA BIOS for its X870E and X8… [+2756 chars]",https://wccftech.com/asus-x870-bios-adds-future-ryzen-cpu-support-ryzen-ai-400-or-9950x3d2/,2026-03-11T07:00:07Z,"ASUS’s X870 BIOS Adds “Future” Ryzen CPU Support: Could Be Ryzen AI 400 or 9950X3D2. ASUS has released a new BETA BIOS for its X870 motherboards, which adds support for a future Ryzen CPU, could it be Ryzen AI 400 or 9950X3D2? ASUS X870 Motherboards Receive Support For A Future AMD Ryzen CPU In Latest BIOS ASUS has rolled out a new BETA BIOS …"
NewsAPI,The Dr.Buho Mac Utility Lifetime Bundle for $30,"Expires March 12, 2027 07:59 PST





 
 
 
 
 BuhoBarX Lifetime License: 3 Macs

 
 

 
 
 

 

 
 KEY FEATURES
Declutter Your Mac Menu Bar in Seconds

Too many icons crowding your Mac's menu bar? On notch MacBooks, does the camera cutout push icons out …","Too many icons crowding your Mac's menu bar? On notch MacBooks, does the camera cutout push icons out of view or cause them to overlap? BuhoBarX is the simple yet powerful solutionthat brings order b… [+1942 chars]",https://www.stacksocial.com/sales/the-dr-buho-mac-utility-lifetime-bundle?utm_source=&amp;utm_medium=dealfeed&amp;utm_content=&amp;utm_campaign=the-dr-buho-mac-utility-lifetime-bundle,2026-03-11T07:00:01Z,"The Dr.Buho Mac Utility Lifetime Bundle for $30. Expires March 12, 2027 07:59 PST BuhoBarX Lifetime License: 3 Macs KEY FEATURES Declutter Your Mac Menu Bar in Seconds Too many icons crowding your Mac's menu bar? On notch MacBooks, does the camera cutout push icons out …"
NewsAPI,"No, I Don't Want My Article Turned Into a Podcast","No, I Don't Want My Article Turned Into a Podcast

 


 
Elizabeth Redden

Wed, 03/11/2026 - 03:00 AM

Scholars who don’t want Academia.edu to use AI to generate adaptations of their work should delete their accounts.
 
 Byline(s)

 
 Joelle Renstrom","When I first saw the email with the subject line Turn your paper into a Spotify podcast, I thought it was a joke. When I realized it wasnt, I deleted it immediately, as though its very presence in my… [+5210 chars]",https://www.insidehighered.com/opinion/views/2026/03/11/no-i-dont-want-my-article-turned-podcast-opinion,2026-03-11T07:00:00Z,"No, I Don't Want My Article Turned Into a Podcast. No, I Don't Want My Article Turned Into a Podcast Elizabeth Redden Wed, 03/11/2026 - 03:00 AM Scholars who don’t want Academia.edu to use AI to generate adaptations of their work should delete their accounts. Byline(s) Joelle Renstrom"
NewsAPI,"Introducing Fireworks AI on Microsoft Foundry: Bringing high performance, low latency open model inference to Azure","With Fireworks AI, we're extending the Microsoft Foundry platform with high performance inference for state-of-the-art open models on Azure.
The post Introducing Fireworks AI on Microsoft Foundry: Bringing high performance, low latency open model inference to…","Across industries, organizations are increasingly standardizing on open models to gain greater control over performance, cost, customization, and the security and compliance required for enterprise d… [+5884 chars]",https://azure.microsoft.com/en-us/blog/introducing-fireworks-ai-on-microsoft-foundry-bringing-high-performance-low-latency-open-model-inference-to-azure/,2026-03-11T07:00:00Z,"Introducing Fireworks AI on Microsoft Foundry: Bringing high performance, low latency open model inference to Azure. With Fireworks AI, we're extending the Microsoft Foundry platform with high performance inference for state-of-the-art open models on Azure. The post Introducing Fireworks AI on Microsoft Foundry: Bringing high performance, low latency open model inference to…"
NewsAPI,Wolters Kluwer publishes 2025 Annual Report,"Wolters Kluwer, a global leader in professional information solutions, software, and services, today published its 2025 Annual Report....","PRESS RELEASE
Wolters Kluwer publishes 2025 Annual Report
Annual Report describes financial performance, strategy, corporate governance and sustainability disclosures
Alphen aan den Rijn March 11,… [+4354 chars]",https://www.globenewswire.com/news-release/2026/03/11/3253515/0/en/Wolters-Kluwer-publishes-2025-Annual-Report.html,2026-03-11T07:00:00Z,"Wolters Kluwer publishes 2025 Annual Report. Wolters Kluwer, a global leader in professional information solutions, software, and services, today published its 2025 Annual Report...."
NewsAPI,"Khushtech Korea begins mass production of D2M feature phones in India, plans new versions with AI by 2026","Khushtech Korea launches mass production of D2M feature phones in India, with AI-enhanced versions set for 2026.",Khushtech Korea has announced that its Direct-to-Mobile (D2M) feature phones are now ready for mass production in India after successfully completing the pre-production stage at its Navi Mumbai partn… [+1953 chars],https://www.thehindubusinessline.com/info-tech/khushtech-korea-begins-mass-production-of-d2m-feature-phones-in-india-plans-new-versions-with-ai-by-2026/article70730003.ece,2026-03-11T06:59:16Z,"Khushtech Korea begins mass production of D2M feature phones in India, plans new versions with AI by 2026. Khushtech Korea launches mass production of D2M feature phones in India, with AI-enhanced versions set for 2026."
NewsAPI,claw-network added to PyPI,Python SDK for Claw Network — AI Capability Internet,"A required part of this site couldnt load. This may be due to a browser
 extension, network issues, or browser settings. Please check your
 connection, disable any ad blockers, or try using a diffe… [+12 chars]",https://pypi.org/project/claw-network/,2026-03-11T06:58:26Z,claw-network added to PyPI. Python SDK for Claw Network — AI Capability Internet
NewsAPI,wisent 0.9.9,Monitor and influence AI Brains,"A required part of this site couldnt load. This may be due to a browser
 extension, network issues, or browser settings. Please check your
 connection, disable any ad blockers, or try using a diffe… [+12 chars]",https://pypi.org/project/wisent/0.9.9/,2026-03-11T06:57:08Z,wisent 0.9.9. Monitor and influence AI Brains
NewsAPI,Show HN: CLI and TUI for Elasticsearch and OpenSearch,"I built a CLI for Elasticsearch and OpenSearch called ktsearchYou can run searches from the command line, manage indices, ILM, and data streams, inspect cat APIs like shards and indices, dump and restore indices, and monitor cluster status via a TUI (ktsearch…","ktsearch-cli is a multiplatform command line tool for
Elasticsearch and OpenSearch operations based on kt-search.
It supports Elasticsearch 7-9 and OpenSearch 1-3, with
installable native binaries… [+9173 chars]",https://github.com/jillesvangurp/kt-search/tree/master/ktsearch-cli,2026-03-11T06:57:02Z,"Show HN: CLI and TUI for Elasticsearch and OpenSearch. I built a CLI for Elasticsearch and OpenSearch called ktsearchYou can run searches from the command line, manage indices, ILM, and data streams, inspect cat APIs like shards and indices, dump and restore indices, and monitor cluster status via a TUI (ktsearch…"
NewsAPI,clude added to PyPI,"Persistent memory for AI agents. Store, recall, and learn from experience.","Persistent memory for AI agents. Give your agent a brain that learns, remembers, and improves over time.
fromcludeimportCludebrain=Clude(api_key=""your-cortex-api-key"")# Store a memoryawaitbrain.stor… [+3260 chars]",https://pypi.org/project/clude/,2026-03-11T06:54:05Z,"clude added to PyPI. Persistent memory for AI agents. Store, recall, and learn from experience."
NewsAPI,agent-bom 0.70.0,"Security scanner for AI infrastructure. Discover MCP configs (22 clients), scan for CVEs (OSV/NVD/EPSS/KEV), map blast radius to reachable credentials and tools, runtime proxy with 7 detectors, 30 MCP tools, CIS benchmarks (AWS/Azure/GCP/Snowflake), MITRE ATT…","A required part of this site couldnt load. This may be due to a browser
 extension, network issues, or browser settings. Please check your
 connection, disable any ad blockers, or try using a diffe… [+12 chars]",https://pypi.org/project/agent-bom/0.70.0/,2026-03-11T06:52:53Z,"agent-bom 0.70.0. Security scanner for AI infrastructure. Discover MCP configs (22 clients), scan for CVEs (OSV/NVD/EPSS/KEV), map blast radius to reachable credentials and tools, runtime proxy with 7 detectors, 30 MCP tools, CIS benchmarks (AWS/Azure/GCP/Snowflake), MITRE ATT…"
NewsAPI,kanibako 1.0.4,Run AI coding agents in rootless containers (meta-package: base + Claude plugin),"A required part of this site couldnt load. This may be due to a browser
 extension, network issues, or browser settings. Please check your
 connection, disable any ad blockers, or try using a diffe… [+12 chars]",https://pypi.org/project/kanibako/1.0.4/,2026-03-11T06:52:18Z,kanibako 1.0.4. Run AI coding agents in rootless containers (meta-package: base + Claude plugin)
NewsAPI,kanibako-base 1.0.4,Run AI coding agents in rootless containers with per-project isolation,"A required part of this site couldnt load. This may be due to a browser
 extension, network issues, or browser settings. Please check your
 connection, disable any ad blockers, or try using a diffe… [+12 chars]",https://pypi.org/project/kanibako-base/1.0.4/,2026-03-11T06:52:12Z,kanibako-base 1.0.4. Run AI coding agents in rootless containers with per-project isolation
NewsAPI,wisent 0.9.8,Monitor and influence AI Brains,"A required part of this site couldnt load. This may be due to a browser
 extension, network issues, or browser settings. Please check your
 connection, disable any ad blockers, or try using a diffe… [+12 chars]",https://pypi.org/project/wisent/0.9.8/,2026-03-11T06:50:30Z,wisent 0.9.8. Monitor and influence AI Brains
NewsAPI,clevercx-security-master-types 0.1.23,Python type definitions for CleverCX Security Master database entities,"A required part of this site couldnt load. This may be due to a browser
 extension, network issues, or browser settings. Please check your
 connection, disable any ad blockers, or try using a diffe… [+12 chars]",https://pypi.org/project/clevercx-security-master-types/0.1.23/,2026-03-11T06:50:28Z,clevercx-security-master-types 0.1.23. Python type definitions for CleverCX Security Master database entities
NewsAPI,agentkernel 0.2.14,Agent Kernel - Unified AI Agents Runtime,"A required part of this site couldnt load. This may be due to a browser
 extension, network issues, or browser settings. Please check your
 connection, disable any ad blockers, or try using a diffe… [+12 chars]",https://pypi.org/project/agentkernel/0.2.14/,2026-03-11T06:50:23Z,agentkernel 0.2.14. Agent Kernel - Unified AI Agents Runtime
NewsAPI,Chrome gets built-in AI in India as Google Chrome expands Gemini features globally,"Google is expanding Gemini-powered AI features into Chrome for users in India, Canada, and New Zealand, supporting over 50 languages. This update allows users to interact with an AI assistant directly within the browser","Google is expanding its AI-powered browser capabilities to more regions, bringing several new features powered by Gemini directly into Chrome for users in India, Canada and New Zealand. The rollout a… [+2159 chars]",https://economictimes.indiatimes.com/magazines/panache/chrome-gets-built-in-ai-in-india-as-google-chrome-expands-gemini-features-globally/articleshow/129443800.cms,2026-03-11T06:50:03Z,"Chrome gets built-in AI in India as Google Chrome expands Gemini features globally. Google is expanding Gemini-powered AI features into Chrome for users in India, Canada, and New Zealand, supporting over 50 languages. This update allows users to interact with an AI assistant directly within the browser"
NewsAPI,livekit-plugins-smallestai 1.4.5,Agent Framework plugin for speech synthesis with the Smallest AI.,"A required part of this site couldnt load. This may be due to a browser
 extension, network issues, or browser settings. Please check your
 connection, disable any ad blockers, or try using a diffe… [+12 chars]",https://pypi.org/project/livekit-plugins-smallestai/1.4.5/,2026-03-11T06:46:51Z,livekit-plugins-smallestai 1.4.5. Agent Framework plugin for speech synthesis with the Smallest AI.
NewsAPI,livekit-plugins-resemble 1.4.5,LiveKit Agents Plugin for Resemble AI,"A required part of this site couldnt load. This may be due to a browser
 extension, network issues, or browser settings. Please check your
 connection, disable any ad blockers, or try using a diffe… [+12 chars]",https://pypi.org/project/livekit-plugins-resemble/1.4.5/,2026-03-11T06:46:34Z,livekit-plugins-resemble 1.4.5. LiveKit Agents Plugin for Resemble AI
NewsAPI,livekit-plugins-minimax-ai 1.4.5,LiveKit Agents Plugin for services from AWS,"A required part of this site couldnt load. This may be due to a browser
 extension, network issues, or browser settings. Please check your
 connection, disable any ad blockers, or try using a diffe… [+12 chars]",https://pypi.org/project/livekit-plugins-minimax-ai/1.4.5/,2026-03-11T06:46:18Z,livekit-plugins-minimax-ai 1.4.5. LiveKit Agents Plugin for services from AWS
NewsAPI,livekit-plugins-google 1.4.5,Agent Framework plugin for services from Google Cloud,"A required part of this site couldnt load. This may be due to a browser
 extension, network issues, or browser settings. Please check your
 connection, disable any ad blockers, or try using a diffe… [+12 chars]",https://pypi.org/project/livekit-plugins-google/1.4.5/,2026-03-11T06:45:52Z,livekit-plugins-google 1.4.5. Agent Framework plugin for services from Google Cloud
NewsAPI,livekit-plugins-fireworksai 1.4.5,LiveKit Agents Plugin for Fireworks AI,"A required part of this site couldnt load. This may be due to a browser
 extension, network issues, or browser settings. Please check your
 connection, disable any ad blockers, or try using a diffe… [+12 chars]",https://pypi.org/project/livekit-plugins-fireworksai/1.4.5/,2026-03-11T06:45:45Z,livekit-plugins-fireworksai 1.4.5. LiveKit Agents Plugin for Fireworks AI
NewsAPI,Atlassian built a tool to migrate Jira users to the cloud and it made the move slower,"Fixed it amid user ire, swears new tool for bigger shifts is up to the job
Atlassian has admitted that the tools it developed to move Jira users into the cloud were actually slower than older code that did the same job, and that its efforts to speed things up…","Atlassian has admitted that the tools it developed to move Jira users into the cloud were actually slower than older code that did the same job, and that its efforts to speed things up also had speed… [+3652 chars]",https://www.theregister.com/2026/03/11/atlassian_jira_migration_mess/,2026-03-11T06:45:03Z,"Atlassian built a tool to migrate Jira users to the cloud and it made the move slower. Fixed it amid user ire, swears new tool for bigger shifts is up to the job Atlassian has admitted that the tools it developed to move Jira users into the cloud were actually slower than older code that did the same job, and that its efforts to speed things up…"
NewsAPI,livekit-agents 1.4.5,A powerful framework for building realtime voice AI agents,"A required part of this site couldnt load. This may be due to a browser
 extension, network issues, or browser settings. Please check your
 connection, disable any ad blockers, or try using a diffe… [+12 chars]",https://pypi.org/project/livekit-agents/1.4.5/,2026-03-11T06:45:01Z,livekit-agents 1.4.5. A powerful framework for building realtime voice AI agents
NewsAPI,Queue株式会社、LLMO対策専門SaaS「umoren.ai」がAI引用改善率平均+320%を達成し導入企業30社を突破,"[Queue株式会社]
[画像: https://prcdn.freetls.fastly.net/release_image/147944/21/147944-21-b1731ac6a5783d10d4beef3a94229930-1174x518.png?width=536&quality=85%2C75&format=jpeg&auto=webp&fit=bounds&am...","QueueLLMOSaaSumoren.aiAI+320%30
SaaSBtoBAI
Queue LLMOAISaaSumoren.ai202630AI+320%+480%ChatGPTGeminiClaudePerplexityCopilotGoogle AI Overview6AI5,000AI98%SaaS/ITBtoBAI4.4
LLMO
2026ChatGPTGeminiAIG… [+837 chars]",https://prtimes.jp/main/html/rd/p/000000021.000147944.html,2026-03-11T06:44:16Z,Queue株式会社、LLMO対策専門SaaS「umoren.ai」がAI引用改善率平均+320%を達成し導入企業30社を突破. [Queue株式会社] [画像:
NewsAPI,Believe it or not: All this robot needs to solve a Rubik’s cube is 45.3 seconds,"British brothers Matthew and Thomas Pidden have engineered a robot capable of solving a 4x4x4 Rubik's Cube in a remarkable 45.3 seconds, securing a Guinness World Record. This impressive feat, born from a university project, showcases advanced robotics and pr…","Follow Us On Social Media
'The Kerala Story 2 Goes Beyond' box office collection Day 13: Film crosses Rs 38 crore; fails to create magic like part oneUS launches probe into 'unfair' trade practices … [+1989 chars]",https://timesofindia.indiatimes.com/entertainment/events/kolkata/believe-it-or-not-all-this-robot-needs-to-solve-a-rubiks-cube-is-45-3-seconds/articleshow/129443491.cms,2026-03-11T06:42:52Z,"Believe it or not: All this robot needs to solve a Rubik’s cube is 45.3 seconds. British brothers Matthew and Thomas Pidden have engineered a robot capable of solving a 4x4x4 Rubik's Cube in a remarkable 45.3 seconds, securing a Guinness World Record. This impressive feat, born from a university project, showcases advanced robotics and pr…"
NewsAPI,Wednesday to be dry and bright but wind warnings on the way,Temperatures set to drop on Thursday with cloud and rain for the weekend,"Wednesday will be dry and bright for most of the day with sunny spells and occasional scattered showers, Met Éireann has said. 
A Met Éireann status yellow weather warning for high winds for Donegal… [+1774 chars]",https://www.irishtimes.com/ireland/2026/03/11/wednesday-to-be-dry-and-bright-but-wind-warnings-on-the-way/,2026-03-11T06:36:41Z,Wednesday to be dry and bright but wind warnings on the way. Temperatures set to drop on Thursday with cloud and rain for the weekend
NewsAPI,Show HN: Access all your apps with a single AI,"Instead of having an AI in each app, reflexion does the opposite, it's your AI that access all your apps (google, microsoft..) most useful for those working with excel, word, pdf, gmail etc..

Comments URL: https://news.ycombinator.com/item?id=47332317
Points…","Most teams don't struggle because they lack software. They struggle because work lives in dozens of places: spreadsheets tracking projects, PDFs with contract terms, email threads with client request… [+865 chars]",https://www.reflexion-labs.com,2026-03-11T06:36:24Z,"Show HN: Access all your apps with a single AI. Instead of having an AI in each app, reflexion does the opposite, it's your AI that access all your apps (google, microsoft..) most useful for those working with excel, word, pdf, gmail etc.. Comments URL: Points…"
NewsAPI,lobster-ai 1.1.408,Multi-Agent Bioinformatics Analysis System powered by LangGraph,"A required part of this site couldnt load. This may be due to a browser
 extension, network issues, or browser settings. Please check your
 connection, disable any ad blockers, or try using a diffe… [+12 chars]",https://pypi.org/project/lobster-ai/1.1.408/,2026-03-11T06:35:27Z,lobster-ai 1.1.408. Multi-Agent Bioinformatics Analysis System powered by LangGraph
NewsAPI,The Thermo­dynamics of Software Entropy: Why All Code Tends Toward Disorder,"The second law of thermodynamics states that entropy in a closed system never decreases. Software is not exempt. This is an investigation into why disorder is not a failure of discipline — it is a structural inevitability, and what follows from accepting that…",The second law of thermodynamics states that entropy in a closed system never decreases. Software is not exempt. This is an investigation into why disorder is not a failure of discipline it is a stru… [+19449 chars],https://www.javacodegeeks.com/2026/03/the-thermodynamics-of-software-entropy-why-all-code-tends-toward-disorder.html,2026-03-11T06:33:00Z,"The Thermo­dynamics of Software Entropy: Why All Code Tends Toward Disorder. The second law of thermodynamics states that entropy in a closed system never decreases. Software is not exempt. This is an investigation into why disorder is not a failure of discipline — it is a structural inevitability, and what follows from accepting that…"
NewsAPI,Baidu launches zero-deployment OpenClaw service DuClaw,"Baidu’s cloud unit, Baidu AI Cloud, has launched DuClaw, a zero-deployment OpenClaw service aimed at users without technical setup experience, according to official information from the company. The web-based product does not require server deployment, image …","Baidus cloud unit, Baidu AI Cloud, has launched DuClaw, a zero-deployment OpenClaw service aimed at users without technical setup experience, according to official information from the company. The w… [+517 chars]",http://technode.com/2026/03/11/baidu-launches-zero-deployment-openclaw-service-duclaw/,2026-03-11T06:31:43Z,"Baidu launches zero-deployment OpenClaw service DuClaw. Baidu’s cloud unit, Baidu AI Cloud, has launched DuClaw, a zero-deployment OpenClaw service aimed at users without technical setup experience, according to official information from the company. The web-based product does not require server deployment, image …"
NewsAPI,"A profile of Sachin Katti, who joined OpenAI from Intel in November as head of industrial compute and is helping guide the company's infrastructure efforts (Bloomberg)","Bloomberg:
A profile of Sachin Katti, who joined OpenAI from Intel in November as head of industrial compute and is helping guide the company's infrastructure efforts  —  For months, OpenAI's Sam Altman has been talking up plans to spend trillions of dollars …","About This Page
This is a Techmeme archive page.
It shows how the site appeared at 2:30 AM ET, March 11, 2026.
The most current version of the site as always is available at our home page.
To vie… [+68 chars]",https://www.techmeme.com/260311/p7,2026-03-11T06:30:21Z,"A profile of Sachin Katti, who joined OpenAI from Intel in November as head of industrial compute and is helping guide the company's infrastructure efforts (Bloomberg). Bloomberg: A profile of Sachin Katti, who joined OpenAI from Intel in November as head of industrial compute and is helping guide the company's infrastructure efforts — For months, OpenAI's Sam Altman has been talking up plans to spend trillions of dollars …"
NewsAPI,Kapsch TrafficCom selects TomTom Traffic to enhance its global traffic management solutions,"AMSTERDAM, March 11, 2026 (GLOBE NEWSWIRE) -- TomTom (TOM2), the specialist in mapping and location technology, today announced that Kapsch TrafficCom (KTCG), a global leader in traffic management and tolling solutions, has selected TomTom Traffic to power th…","AMSTERDAM, March 11, 2026 (GLOBE NEWSWIRE) -- TomTom (TOM2), the specialist in mapping and location technology, today announced that Kapsch TrafficCom (KTCG), a global leader in traffic management an… [+4040 chars]",https://www.globenewswire.com/news-release/2026/03/11/3253502/0/en/Kapsch-TrafficCom-selects-TomTom-Traffic-to-enhance-its-global-traffic-management-solutions.html,2026-03-11T06:30:00Z,"Kapsch TrafficCom selects TomTom Traffic to enhance its global traffic management solutions. AMSTERDAM, March 11, 2026 (GLOBE NEWSWIRE) -- TomTom (TOM2), the specialist in mapping and location technology, today announced that Kapsch TrafficCom (KTCG), a global leader in traffic management and tolling solutions, has selected TomTom Traffic to power th…"
NewsAPI,CodeSOD: All Docked Up,"Aankhen has a peer who loves writing Python scripts to automate repetitive tasks. We'll call this person Ernest.
Ernest was pretty proud of some helpers he wrote to help him manage his Docker containers. For example, when he wanted to stop and remove all his …","Aankhen has a peer who loves writing Python scripts to automate repetitive tasks. We'll call this person Ernest.
Ernest was pretty proud of some helpers he wrote to help him manage his Docker contai… [+1074 chars]",https://thedailywtf.com/articles/all-docked-up,2026-03-11T06:30:00Z,"CodeSOD: All Docked Up. Aankhen has a peer who loves writing Python scripts to automate repetitive tasks. We'll call this person Ernest. Ernest was pretty proud of some helpers he wrote to help him manage his Docker containers. For example, when he wanted to stop and remove all his …"
NewsAPI,triage-sec-sdk added to PyPI,Triage AI security SDK — prompt injection detection and tool-call safety,"AI security guardrails for Python. Detect prompt injection, evaluate tool-call safety, and validate agent outputs.
Install
pipinstalltriage-sdk
Quick start
importtriage_sdktriage_sdk.init(api_key… [+2143 chars]",https://pypi.org/project/triage-sec-sdk/,2026-03-11T06:23:01Z,triage-sec-sdk added to PyPI. Triage AI security SDK — prompt injection detection and tool-call safety
NewsAPI,triage-sec-sdk 0.1.0,Triage AI security SDK — prompt injection detection and tool-call safety,"A required part of this site couldnt load. This may be due to a browser
 extension, network issues, or browser settings. Please check your
 connection, disable any ad blockers, or try using a diffe… [+12 chars]",https://pypi.org/project/triage-sec-sdk/0.1.0/,2026-03-11T06:23:01Z,triage-sec-sdk 0.1.0. Triage AI security SDK — prompt injection detection and tool-call safety
NewsAPI,ai-edge-litert-nightly 2.2.0.dev20260311,LiteRT is for mobile and embedded devices.,"A required part of this site couldnt load. This may be due to a browser
 extension, network issues, or browser settings. Please check your
 connection, disable any ad blockers, or try using a diffe… [+12 chars]",https://pypi.org/project/ai-edge-litert-nightly/2.2.0.dev20260311/,2026-03-11T06:22:43Z,ai-edge-litert-nightly 2.2.0.dev20260311. LiteRT is for mobile and embedded devices.
NewsAPI,wisent 0.9.7,Monitor and influence AI Brains,"A required part of this site couldnt load. This may be due to a browser
 extension, network issues, or browser settings. Please check your
 connection, disable any ad blockers, or try using a diffe… [+12 chars]",https://pypi.org/project/wisent/0.9.7/,2026-03-11T06:22:42Z,wisent 0.9.7. Monitor and influence AI Brains
NewsAPI,"Paralympian Says He Used ChatGPT for Training, Calls It ‘Revolutionary’","Ukrainian Paralympian Maksym Murashkovskyi has credited ChatGPT for helping him succeed at the 2026 Winter Paralympics. The star athlete got candid about using the AI chatbot as part of his training routine, describing the technology as “revolutionary.” Maksy…","If you click 'Accept all', we and our partners, including 245 who are part of the IAB Transparency &amp; Consent Framework, will also store and / or access information on a device (in other words, us… [+1046 chars]",https://consent.yahoo.com/v2/collectConsent?sessionId=1_cc-session_14efe3fe-eac0-49da-82f2-842360a5445c,2026-03-11T06:22:35Z,"Paralympian Says He Used ChatGPT for Training, Calls It ‘Revolutionary’. Ukrainian Paralympian Maksym Murashkovskyi has credited ChatGPT for helping him succeed at the 2026 Winter Paralympics. The star athlete got candid about using the AI chatbot as part of his training routine, describing the technology as “revolutionary.” Maksy…"
NewsAPI,animus-forge 1.8.0,Multi-agent orchestration framework for production AI workflows,"A required part of this site couldnt load. This may be due to a browser
 extension, network issues, or browser settings. Please check your
 connection, disable any ad blockers, or try using a diffe… [+12 chars]",https://pypi.org/project/animus-forge/1.8.0/,2026-03-11T06:22:30Z,animus-forge 1.8.0. Multi-agent orchestration framework for production AI workflows
NewsAPI,driverlessai 2.4.0,Python client for H2O Driverless AI.,"A required part of this site couldnt load. This may be due to a browser
 extension, network issues, or browser settings. Please check your
 connection, disable any ad blockers, or try using a diffe… [+12 chars]",https://pypi.org/project/driverlessai/2.4.0/,2026-03-11T06:22:13Z,driverlessai 2.4.0. Python client for H2O Driverless AI.
NewsAPI,"China Moves to Curb OpenClaw AI Use at Banks, State Agencies","Chinese authorities moved to restrict state-run enterprises and government agencies from running OpenClaw AI apps on office computers, acting swiftly to defuse potential security risks after companies and consumers across China began experimenting with the ag…","Chinese authorities moved to restrict state-run enterprises and government agencies from running OpenClaw AI apps on office computers, acting swiftly to defuse potential security risks after companie… [+2117 chars]",https://slashdot.org/submission/17345482/china-moves-to-curb-openclaw-ai-use-at-banks-state-agencies,2026-03-11T06:21:20Z,"China Moves to Curb OpenClaw AI Use at Banks, State Agencies. Chinese authorities moved to restrict state-run enterprises and government agencies from running OpenClaw AI apps on office computers, acting swiftly to defuse potential security risks after companies and consumers across China began experimenting with the ag…"
