class_index,title,description,content,url,published_at,source,text,tech_pred,tech_score,prediction_confidence,is_uncertain,tech_category,tech_category_score,tech_category_score_gap,top2_category,top2_score
,agentblueprint-ai added to PyPI,CLI and SDK for Agent Blueprint — AI advisory platform for enterprise agentic AI,"A required part of this site couldnt load. This may be due to a browser
 extension, network issues, or browser settings. Please check your
 connection, disable any ad blockers, or try using a diffe… [+12 chars]",https://pypi.org/project/agentblueprint-ai/,2026-03-12T23:59:08Z,NewsAPI,agentblueprint-ai added to PyPI. CLI and SDK for Agent Blueprint — AI advisory platform for enterprise agentic AI,1,0.9911583790267886,0.9823167580535772,False,Other Tech,0.8395858407020569,0.0025507211685180664,AI/ML,0.8370351195335388
,agentblueprint-ai 0.0.1,CLI and SDK for Agent Blueprint — AI advisory platform for enterprise agentic AI,"A required part of this site couldnt load. This may be due to a browser
 extension, network issues, or browser settings. Please check your
 connection, disable any ad blockers, or try using a diffe… [+12 chars]",https://pypi.org/project/agentblueprint-ai/0.0.1/,2026-03-12T23:59:08Z,NewsAPI,agentblueprint-ai 0.0.1. CLI and SDK for Agent Blueprint — AI advisory platform for enterprise agentic AI,1,0.9944721544528083,0.9889443089056167,False,Other Tech,0.8408858776092529,0.0034467577934265137,DevOps & Platform Engineering,0.8374391198158264
,clawmetry 0.12.25,ClawMetry - Real-time observability dashboard for OpenClaw AI agents,"A required part of this site couldnt load. This may be due to a browser
 extension, network issues, or browser settings. Please check your
 connection, disable any ad blockers, or try using a diffe… [+12 chars]",https://pypi.org/project/clawmetry/0.12.25/,2026-03-12T23:59:07Z,NewsAPI,clawmetry 0.12.25. ClawMetry - Real-time observability dashboard for OpenClaw AI agents,1,0.990158808717528,0.9803176174350561,False,Other Tech,0.8240774273872375,0.0011666417121887207,DevOps & Platform Engineering,0.8229107856750488
,turnstone 0.5.6,"Multi-node AI orchestration platform with tool use, agent routing, and cluster simulation.","A required part of this site couldnt load. This may be due to a browser
 extension, network issues, or browser settings. Please check your
 connection, disable any ad blockers, or try using a diffe… [+12 chars]",https://pypi.org/project/turnstone/0.5.6/,2026-03-12T23:58:59Z,NewsAPI,"turnstone 0.5.6. Multi-node AI orchestration platform with tool use, agent routing, and cluster simulation.",1,0.9951993936100735,0.990398787220147,False,Other Tech,0.8359910249710083,0.00040853023529052734,Cloud & Infrastructure,0.8355824947357178
,"Meta delays rollout of new AI model, NYT reports","March 12 : Meta has delayed the release of its artificial intelligence model code-named Avocado to at least May from this month, the New York Times reported on Thursday, citing three people with knowledge of the matter. Reuters could not immediately verify th…","We know it's a hassle to switch browsers but we want your experience with CNA to be fast, secure and the best it can possibly be.
To continue, upgrade to a supported browser or, for the finest exper… [+30 chars]",https://www.channelnewsasia.com/business/meta-delays-rollout-new-ai-model-nyt-reports-5990466,2026-03-12T23:57:00Z,NewsAPI,"Meta delays rollout of new AI model, NYT reports. March 12 : Meta has delayed the release of its artificial intelligence model code-named Avocado to at least May from this month, the New York Times reported on Thursday, citing three people with knowledge of the matter. Reuters could not immediately verify th…",1,0.9894594194046179,0.9789188388092358,False,Other Tech,0.8021292686462402,0.0017232298851013184,Other Tech,0.8004060387611389
,"Meta delays rollout of new AI model code-named 'Avocado,' NYT reports","March 12 : Meta has delayed the release of its artificial intelligence model code-named ""Avocado"" to at least May from this month, the New York Times reported on Thursday, citing three people with knowledge of the matter.The delayed timeline comes even as the…","March 12 : Meta has delayed the release of its artificial intelligence model code-named ""Avocado"" to at least May from this month, the New York Times reported on Thursday, citing three people with kn… [+957 chars]",https://www.channelnewsasia.com/business/meta-delays-rollout-new-ai-model-code-named-avocado-nyt-reports-5990466,2026-03-12T23:57:00Z,NewsAPI,"Meta delays rollout of new AI model code-named 'Avocado,' NYT reports. March 12 : Meta has delayed the release of its artificial intelligence model code-named ""Avocado"" to at least May from this month, the New York Times reported on Thursday, citing three people with knowledge of the matter.The delayed timeline comes even as the…",1,0.9894171331976758,0.9788342663953515,False,Other Tech,0.8027452230453491,0.001532435417175293,Other Tech,0.8012127876281738
,"Meta pushes AI model 'Avocado' rollout to May or later, NYT reports","March 12 : Meta has postponed the release of its artificial intelligence model ""Avocado"" to at least May, from this month, the New York Times reported on Thursday, citing sources.The performance of Meta's new AI model currently falls between Google's AI Gemin…","March 12 : Meta has postponed the release of its artificial intelligence model ""Avocado"" to at least May, from this month, the New York Times reported on Thursday, citing sources.
The performance of… [+1345 chars]",https://www.channelnewsasia.com/business/meta-pushes-ai-model-avocado-rollout-may-or-later-nyt-reports-5990466,2026-03-12T23:57:00Z,NewsAPI,"Meta pushes AI model 'Avocado' rollout to May or later, NYT reports. March 12 : Meta has postponed the release of its artificial intelligence model ""Avocado"" to at least May, from this month, the New York Times reported on Thursday, citing sources.The performance of Meta's new AI model currently falls between Google's AI Gemin…",1,0.9762222168064578,0.9524444336129156,False,Other Tech,0.8046085834503174,0.0070648193359375,Other Tech,0.7975437641143799
,acatome-chat 0.4.0,"AI research assistant — local Ollama or Claude/GPT-4o, switchable. Paper library, doc editing, web search.","A required part of this site couldnt load. This may be due to a browser
 extension, network issues, or browser settings. Please check your
 connection, disable any ad blockers, or try using a diffe… [+12 chars]",https://pypi.org/project/acatome-chat/0.4.0/,2026-03-12T23:55:54Z,NewsAPI,"acatome-chat 0.4.0. AI research assistant — local Ollama or Claude/GPT-4o, switchable. Paper library, doc editing, web search.",1,0.9983751583918659,0.9967503167837317,False,Other Tech,0.8140137791633606,0.0011563897132873535,Programming Languages,0.8128573894500732
,Interview: Taiwan-UK memorandum of understanding could deepen space supply chains and startup ties,"The Industrial Technology Research Institute and the Taiwan Space Industry Development Association signed a memorandum of understanding with the UK aerospace industry association ADS Group at the 2026 Space-Comm Expo in the UK, marking a new milestone in Taiw…","Save my User ID and Password
Some subscribers prefer to save their log-in information so they do not have to enter their User ID and Password each time they visit the site. To activate this function… [+307 chars]",https://www.digitimes.com/news/a20260310PD200/taiwan-itri-uk-startup-2025.html,2026-03-12T23:55:53Z,NewsAPI,"Interview: Taiwan-UK memorandum of understanding could deepen space supply chains and startup ties. The Industrial Technology Research Institute and the Taiwan Space Industry Development Association signed a memorandum of understanding with the UK aerospace industry association ADS Group at the 2026 Space-Comm Expo in the UK, marking a new milestone in Taiw…",1,0.942930445052076,0.885860890104152,False,Other Tech,0.833103358745575,0.014404296875,Other Tech,0.818699061870575
,India's PC shipments hit record in 2025 on AI notebook and enterprise demand,"India's traditional PC market reached a record 15.9 million shipments in 2025, rising 10.2% year over year, according to IDC. Strong enterprise demand, rising adoption of AI-enabled notebooks, and robust notebook sales drove the market to its highest annual v…","Save my User ID and Password
Some subscribers prefer to save their log-in information so they do not have to enter their User ID and Password each time they visit the site. To activate this function… [+307 chars]",https://www.digitimes.com/news/a20260310VL206/pc-2025-demand-shipments-growth.html,2026-03-12T23:54:57Z,NewsAPI,"India's PC shipments hit record in 2025 on AI notebook and enterprise demand. India's traditional PC market reached a record 15.9 million shipments in 2025, rising 10.2% year over year, according to IDC. Strong enterprise demand, rising adoption of AI-enabled notebooks, and robust notebook sales drove the market to its highest annual v…",1,0.9436327886664073,0.8872655773328146,False,Other Tech,0.822435736656189,0.012235403060913086,Other Tech,0.8102003335952759
,rain-assistant 1.0.22,"AI-powered coding assistant with voice, plugins, web UI, and Telegram bot","A required part of this site couldnt load. This may be due to a browser
 extension, network issues, or browser settings. Please check your
 connection, disable any ad blockers, or try using a diffe… [+12 chars]",https://pypi.org/project/rain-assistant/1.0.22/,2026-03-12T23:49:44Z,NewsAPI,"rain-assistant 1.0.22. AI-powered coding assistant with voice, plugins, web UI, and Telegram bot",1,0.9982341037267449,0.9964682074534899,False,Other Tech,0.8451376557350159,0.0038956403732299805,Frameworks & Libraries,0.8412420153617859
,Rogue AI agents can work together to hack systems and steal secrets,"Prompt like a hard-ass boss who won't tolerate failure and bots will find ways to breach policy AI agents work together to bypass security controls and stealthily steal sensitive data from within the enterprise systems in which they operate, according to test…","AI agents work together to bypass security controls and stealthily steal sensitive data from within the enterprise systems in which they operate, according to tests carried out by frontier security l… [+8735 chars]",https://www.theregister.com/2026/03/12/rogue_ai_agents_worked_together/,2026-03-12T23:49:32Z,NewsAPI,"Rogue AI agents can work together to hack systems and steal secrets. Prompt like a hard-ass boss who won't tolerate failure and bots will find ways to breach policy AI agents work together to bypass security controls and stealthily steal sensitive data from within the enterprise systems in which they operate, according to test…",1,0.9684273051394188,0.9368546102788375,False,Other Tech,0.8000227212905884,0.009009182453155518,AI/ML,0.7910135388374329
,tsink 0.10.0,Python bindings for tsink time-series database,"A required part of this site couldnt load. This may be due to a browser
 extension, network issues, or browser settings. Please check your
 connection, disable any ad blockers, or try using a diffe… [+12 chars]",https://pypi.org/project/tsink/0.10.0/,2026-03-12T23:49:14Z,NewsAPI,tsink 0.10.0. Python bindings for tsink time-series database,1,0.9371393518333601,0.8742787036667201,False,Other Tech,0.8253808617591858,0.00418013334274292,Programming Languages,0.8212007284164429
,tsink added to PyPI,Python bindings for tsink time-series database,"A required part of this site couldnt load. This may be due to a browser
 extension, network issues, or browser settings. Please check your
 connection, disable any ad blockers, or try using a diffe… [+12 chars]",https://pypi.org/project/tsink/,2026-03-12T23:49:14Z,NewsAPI,tsink added to PyPI. Python bindings for tsink time-series database,1,0.8726265631908587,0.7452531263817175,False,Other Tech,0.8341933488845825,0.0024261474609375,Data & Databases,0.831767201423645
,observe-instrument-mcp added to PyPI,MCP server that instruments Python AI agents with the ioa-observe-sdk,"A required part of this site couldnt load. This may be due to a browser
 extension, network issues, or browser settings. Please check your
 connection, disable any ad blockers, or try using a diffe… [+12 chars]",https://pypi.org/project/observe-instrument-mcp/,2026-03-12T23:48:41Z,NewsAPI,observe-instrument-mcp added to PyPI. MCP server that instruments Python AI agents with the ioa-observe-sdk,1,0.9951541251932142,0.9903082503864284,False,Other Tech,0.832133412361145,0.010079383850097656,Programming Languages,0.8220540285110474
,observe-instrument-mcp 0.1.0,MCP server that instruments Python AI agents with the ioa-observe-sdk,"A required part of this site couldnt load. This may be due to a browser
 extension, network issues, or browser settings. Please check your
 connection, disable any ad blockers, or try using a diffe… [+12 chars]",https://pypi.org/project/observe-instrument-mcp/0.1.0/,2026-03-12T23:48:41Z,NewsAPI,observe-instrument-mcp 0.1.0. MCP server that instruments Python AI agents with the ioa-observe-sdk,1,0.9963435136897187,0.9926870273794375,False,Other Tech,0.8314255475997925,0.005983948707580566,Programming Languages,0.8254415988922119
,pulumi-gcp 9.15.0a1773353609,A Pulumi package for creating and managing Google Cloud Platform resources.,"A required part of this site couldnt load. This may be due to a browser
 extension, network issues, or browser settings. Please check your
 connection, disable any ad blockers, or try using a diffe… [+12 chars]",https://pypi.org/project/pulumi-gcp/9.15.0a1773353609/,2026-03-12T23:47:01Z,NewsAPI,pulumi-gcp 9.15.0a1773353609. A Pulumi package for creating and managing Google Cloud Platform resources.,1,0.9972282260870834,0.9944564521741668,False,Other Tech,0.8539421558380127,0.015314221382141113,DevOps & Platform Engineering,0.8386279344558716
,streamtex 0.4.18,"AI-powered content framework for Streamlit — create presentations, courses, and web-books with Claude or Cursor, no coding required.","A required part of this site couldnt load. This may be due to a browser
 extension, network issues, or browser settings. Please check your
 connection, disable any ad blockers, or try using a diffe… [+12 chars]",https://pypi.org/project/streamtex/0.4.18/,2026-03-12T23:46:31Z,NewsAPI,"streamtex 0.4.18. AI-powered content framework for Streamlit — create presentations, courses, and web-books with Claude or Cursor, no coding required.",1,0.9875131103270279,0.9750262206540559,False,Other Tech,0.8280377388000488,0.0028061866760253906,Frameworks & Libraries,0.8252315521240234
,recollect 0.5.2,Human-like memory for AI applications,"A required part of this site couldnt load. This may be due to a browser
 extension, network issues, or browser settings. Please check your
 connection, disable any ad blockers, or try using a diffe… [+12 chars]",https://pypi.org/project/recollect/0.5.2/,2026-03-12T23:46:11Z,NewsAPI,recollect 0.5.2. Human-like memory for AI applications,1,0.9985777496284421,0.9971554992568843,False,Other Tech,0.8482943773269653,0.029836535453796387,Mobile & Client Platforms,0.818457841873169
,Bold Security and Onyx Security raise $40M each to tackle emerging AI cybersecurity risks,Two cybersecurity startups focused on securing the growing use of artificial intelligence launched today with new funding rounds as interest in protecting enterprise endpoints and autonomous AI agents continues to grow. Bold Security Ltd. and Onyx Security In…,Two cybersecurity startups focused on securing the growing use of artificial intelligence launched today with new funding rounds as interest in protecting enterprise endpoints and autonomous AI agent… [+3912 chars],https://siliconangle.com/2026/03/12/bold-security-onyx-security-raise-40m-tackle-emerging-ai-cybersecurity-risks/,2026-03-12T23:45:33Z,NewsAPI,Bold Security and Onyx Security raise $40M each to tackle emerging AI cybersecurity risks. Two cybersecurity startups focused on securing the growing use of artificial intelligence launched today with new funding rounds as interest in protecting enterprise endpoints and autonomous AI agents continues to grow. Bold Security Ltd. and Onyx Security In…,1,0.878962274928348,0.757924549856696,False,Other Tech,0.837767481803894,0.023003578186035156,Tech Business & Industry,0.8147639036178589
,lfx 0.3.1,Langflow Executor - A lightweight CLI tool for executing and serving Langflow AI flows,"A required part of this site couldnt load. This may be due to a browser
 extension, network issues, or browser settings. Please check your
 connection, disable any ad blockers, or try using a diffe… [+12 chars]",https://pypi.org/project/lfx/0.3.1/,2026-03-12T23:45:24Z,NewsAPI,lfx 0.3.1. Langflow Executor - A lightweight CLI tool for executing and serving Langflow AI flows,1,0.990122858011447,0.9802457160228939,False,Other Tech,0.8269312381744385,0.0022259950637817383,DevOps & Platform Engineering,0.8247052431106567
,dh-cli 0.2.3,Dayhoff Labs developer CLI,"A required part of this site couldnt load. This may be due to a browser
 extension, network issues, or browser settings. Please check your
 connection, disable any ad blockers, or try using a diffe… [+12 chars]",https://pypi.org/project/dh-cli/0.2.3/,2026-03-12T23:45:16Z,NewsAPI,dh-cli 0.2.3. Dayhoff Labs developer CLI,1,0.9925095951733784,0.9850191903467569,False,Other Tech,0.8276399374008179,0.0033745169639587402,Frameworks & Libraries,0.8242654204368591
,palaia 1.4.2,"Local, cloud-free memory for OpenClaw agents.","A required part of this site couldnt load. This may be due to a browser
 extension, network issues, or browser settings. Please check your
 connection, disable any ad blockers, or try using a diffe… [+12 chars]",https://pypi.org/project/palaia/1.4.2/,2026-03-12T23:44:17Z,NewsAPI,"palaia 1.4.2. Local, cloud-free memory for OpenClaw agents.",1,0.9987845027425838,0.9975690054851676,False,Other Tech,0.8256309032440186,0.0034746527671813965,Frameworks & Libraries,0.8221562504768372
,plutus-ai 0.3.45,"Autonomous AI agent with subprocess orchestration, dynamic tool creation, and a local-first web interface","A required part of this site couldnt load. This may be due to a browser
 extension, network issues, or browser settings. Please check your
 connection, disable any ad blockers, or try using a diffe… [+12 chars]",https://pypi.org/project/plutus-ai/0.3.45/,2026-03-12T23:43:41Z,NewsAPI,"plutus-ai 0.3.45. Autonomous AI agent with subprocess orchestration, dynamic tool creation, and a local-first web interface",1,0.9985118508226069,0.9970237016452137,False,Other Tech,0.8506226539611816,0.011585474014282227,AI/ML,0.8390371799468994
,clawmetry 0.12.21,ClawMetry - Real-time observability dashboard for OpenClaw AI agents,"A required part of this site couldnt load. This may be due to a browser
 extension, network issues, or browser settings. Please check your
 connection, disable any ad blockers, or try using a diffe… [+12 chars]",https://pypi.org/project/clawmetry/0.12.21/,2026-03-12T23:41:35Z,NewsAPI,clawmetry 0.12.21. ClawMetry - Real-time observability dashboard for OpenClaw AI agents,1,0.9892645673033694,0.9785291346067388,False,Other Tech,0.8287754058837891,0.001249551773071289,Security,0.8275258541107178
,uidetox 1.7.8,Agent harness and CLI to eliminate AI slop from frontend code,"A required part of this site couldnt load. This may be due to a browser
 extension, network issues, or browser settings. Please check your
 connection, disable any ad blockers, or try using a diffe… [+12 chars]",https://pypi.org/project/uidetox/1.7.8/,2026-03-12T23:40:03Z,NewsAPI,uidetox 1.7.8. Agent harness and CLI to eliminate AI slop from frontend code,1,0.9937016008274101,0.9874032016548202,False,Other Tech,0.8422402143478394,0.0033316612243652344,DevOps & Platform Engineering,0.8389085531234741
,"Exclusive-BESI attracts takeover interest as advanced chip packaging demand surges, sources say","NEW YORK/ LONDON, March 12 : BE Semiconductor Industries has been fielding takeover interest, as demand for its chip-packaging technology has become more critical for semiconductor equipment makers, according to three people familiar with the matter.The Amste…","NEW YORK/ LONDON, March 12 : BE Semiconductor Industries has been fielding takeover interest, as demand for its chip-packaging technology has become more critical for semiconductor equipment makers, … [+2176 chars]",https://www.channelnewsasia.com/business/exclusive-besi-attracts-takeover-interest-advanced-chip-packaging-demand-surges-sources-say-5990436,2026-03-12T23:39:59Z,NewsAPI,"Exclusive-BESI attracts takeover interest as advanced chip packaging demand surges, sources say. NEW YORK/ LONDON, March 12 : BE Semiconductor Industries has been fielding takeover interest, as demand for its chip-packaging technology has become more critical for semiconductor equipment makers, according to three people familiar with the matter.The Amste…",1,0.66204705746014,0.32409411492028006,False,Tech Business & Industry,0.8360764980316162,0.0311926007270813,Other Tech,0.8048838973045349
,"BESI attracts takeover interest as advanced chip packaging demand surges, sources say","NEW YORK/ LONDON, March 12 : BE Semiconductor Industries has been fielding takeover interest, as demand for its chip-packaging technology has become more critical for semiconductor equipment makers, according to three people familiar with the matter.The Amste…","NEW YORK/ LONDON, March 12 : BE Semiconductor Industries has been fielding takeover interest, as demand for its chip-packaging technology has become more critical for semiconductor equipment makers, … [+2176 chars]",https://www.channelnewsasia.com/business/besi-attracts-takeover-interest-advanced-chip-packaging-demand-surges-sources-say-5990436,2026-03-12T23:39:59Z,NewsAPI,"BESI attracts takeover interest as advanced chip packaging demand surges, sources say. NEW YORK/ LONDON, March 12 : BE Semiconductor Industries has been fielding takeover interest, as demand for its chip-packaging technology has become more critical for semiconductor equipment makers, according to three people familiar with the matter.The Amste…",1,0.5912316875203684,0.18246337504073673,True,Other Tech,0.834602952003479,0.029273271560668945,Other Tech,0.8053296804428101
,ic-python-db 0.7.2,"A lightweight key-value database written in Python, intended for use on the Internet Computer (IC)","A required part of this site couldnt load. This may be due to a browser
 extension, network issues, or browser settings. Please check your
 connection, disable any ad blockers, or try using a diffe… [+12 chars]",https://pypi.org/project/ic-python-db/0.7.2/,2026-03-12T23:33:30Z,NewsAPI,"ic-python-db 0.7.2. A lightweight key-value database written in Python, intended for use on the Internet Computer (IC)",1,0.9893006374629997,0.9786012749259994,False,Other Tech,0.808826744556427,0.0029330849647521973,Data & Databases,0.8058936595916748
,Google Maps Gets Chatty With a New Gemini-Powered Interface - WIRED,"Google Maps Gets Chatty With a New Gemini-Powered InterfaceWIRED How we’re reimagining Maps with Geminiblog.google Google brings more AI to navigation with 'Ask Maps' feature that lets users ask complex questionsCNBC Google overhauls its Maps app, adding in m…",The Fine Print: The following comments are owned by whoever posted them. We are not responsible for them in any way.,https://slashdot.org/firehose.pl?op=view&amp;id=180962022,2026-03-12T23:32:06Z,NewsAPI,"Google Maps Gets Chatty With a New Gemini-Powered Interface - WIRED. Google Maps Gets Chatty With a New Gemini-Powered InterfaceWIRED How we’re reimagining Maps with Geminiblog.google Google brings more AI to navigation with 'Ask Maps' feature that lets users ask complex questionsCNBC Google overhauls its Maps app, adding in m…",1,0.9990021345796984,0.9980042691593969,False,Other Tech,0.8007170557975769,0.008941113948822021,AI/ML,0.7917759418487549
,"Proprietary Data Shields Software Leaders From AI Disruption, S&P Says","S&P Global Ratings said artificial intelligence (AI) is likely to impact software companies on a case-by-case basis rather than causing a sector-wide decline in credit ratings, Bloomberg reported Thursday (March 12). The software companies most at risk of cre…","S&amp;P Global Ratings said artificial intelligence (AI) is likely to impact software companies on a case-by-case basis rather than causing a sector-wide decline in credit ratings, Bloomberg reported… [+2253 chars]",https://www.pymnts.com/news/artificial-intelligence/2026/proprietary-data-shields-software-leaders-from-ai-disruption-sp-says/,2026-03-12T23:31:02Z,NewsAPI,"Proprietary Data Shields Software Leaders From AI Disruption, S&P Says. S&P Global Ratings said artificial intelligence (AI) is likely to impact software companies on a case-by-case basis rather than causing a sector-wide decline in credit ratings, Bloomberg reported Thursday (March 12). The software companies most at risk of cre…",1,0.9667271026587747,0.9334542053175494,False,Other Tech,0.821800947189331,0.004819631576538086,AI/ML,0.816981315612793
,Vibe coding startup Replit closes $400M round at $9B Valuation,"Replit Inc., a startup with an artificial intelligence platform that enables users to create websites and mobile apps, has raised $400 million in funding. The company announced the investment on Wednesday. The capital was provided by a consortium that include…","Replit Inc., a startup with an artificial intelligence platform that enables users to create websites and mobile apps, has raised $400 million in funding.
The company announced the investment on Wed… [+3916 chars]",https://siliconangle.com/2026/03/12/vibe-coding-startup-replit-closes-400m-round-9b-valuation/,2026-03-12T23:30:06Z,NewsAPI,"Vibe coding startup Replit closes $400M round at $9B Valuation. Replit Inc., a startup with an artificial intelligence platform that enables users to create websites and mobile apps, has raised $400 million in funding. The company announced the investment on Wednesday. The capital was provided by a consortium that include…",1,0.971986345952959,0.9439726919059179,False,Other Tech,0.8253756761550903,0.0031343698501586914,Frameworks & Libraries,0.8222413063049316
,"To Keep Americans Safe, the Press Must Only Publish Hot Photos of Me",“The Defense Department has barred press photographers from briefings on the ongoing U.S.-Israeli military conflict with Iran after they published photos of Defense Secretary Pete Hegseth that his staff deemed ‘unflattering’…” -– The Washington Post - - -The …,The Defense Department has barred press photographers from briefings on the ongoing U.S.-Israeli military conflict with Iran after they published photos of Defense Secretary Pete Hegseth that his sta… [+3170 chars],https://www.mcsweeneys.net/articles/to-keep-americans-safe-the-press-must-only-publish-hot-photos-of-me,2026-03-12T23:30:00Z,NewsAPI,"To Keep Americans Safe, the Press Must Only Publish Hot Photos of Me. “The Defense Department has barred press photographers from briefings on the ongoing U.S.-Israeli military conflict with Iran after they published photos of Defense Secretary Pete Hegseth that his staff deemed ‘unflattering’…” -– The Washington Post - - -The …",1,0.5606050226812151,0.1212100453624303,True,Other Tech,0.7987538576126099,0.022443294525146484,DevOps & Platform Engineering,0.7763105630874634
,ai-agent-gateway 0.2.2,Generic Claude agent gateway with MCP tool support and streaming,"A required part of this site couldnt load. This may be due to a browser
 extension, network issues, or browser settings. Please check your
 connection, disable any ad blockers, or try using a diffe… [+12 chars]",https://pypi.org/project/ai-agent-gateway/0.2.2/,2026-03-12T23:29:18Z,NewsAPI,ai-agent-gateway 0.2.2. Generic Claude agent gateway with MCP tool support and streaming,1,0.9958450319390314,0.9916900638780628,False,Other Tech,0.8428061008453369,0.013577938079833984,DevOps & Platform Engineering,0.8292281627655029
,marziel 1.5.2,Private AI with real-time maritime intelligence — runs entirely on your hardware,"A required part of this site couldnt load. This may be due to a browser
 extension, network issues, or browser settings. Please check your
 connection, disable any ad blockers, or try using a diffe… [+12 chars]",https://pypi.org/project/marziel/1.5.2/,2026-03-12T23:22:06Z,NewsAPI,marziel 1.5.2. Private AI with real-time maritime intelligence — runs entirely on your hardware,1,0.9980100201231946,0.9960200402463892,False,Other Tech,0.8257616758346558,0.006531953811645508,DevOps & Platform Engineering,0.8192297220230103
,lmdb 1.8.1,Universal Python binding for the LMDB 'Lightning' Database,"A required part of this site couldnt load. This may be due to a browser
 extension, network issues, or browser settings. Please check your
 connection, disable any ad blockers, or try using a diffe… [+12 chars]",https://pypi.org/project/lmdb/1.8.1/,2026-03-12T23:20:50Z,NewsAPI,lmdb 1.8.1. Universal Python binding for the LMDB 'Lightning' Database,1,0.980446999511161,0.960893999022322,False,Other Tech,0.8122899532318115,0.0035229921340942383,Programming Languages,0.8087669610977173
,flwr-nightly 1.28.0.dev20260312,Flower: A Friendly Federated AI Framework,"A required part of this site couldnt load. This may be due to a browser
 extension, network issues, or browser settings. Please check your
 connection, disable any ad blockers, or try using a diffe… [+12 chars]",https://pypi.org/project/flwr-nightly/1.28.0.dev20260312/,2026-03-12T23:16:26Z,NewsAPI,flwr-nightly 1.28.0.dev20260312. Flower: A Friendly Federated AI Framework,1,0.9923787110326575,0.984757422065315,False,Other Tech,0.8433380126953125,0.01086503267288208,AI/ML,0.8324729800224304
,A huge weekend reading from Web Directions,"This week we have almost certainly the biggest roundup of articles ever in a Weekend Reading–going all the way back to about 2006. We also announced a significant number of speakers for AI Engineer across all tracks. This one is selling fast, so start plannin…","This week we have almost certainly the biggest roundup of articles ever in a Weekend Readinggoing all the way back to about 2006.
We also announced a significant number of speakers for AI Engineer a… [+55637 chars]",https://webdirections.org/blog/a-huge-weekend-reading-from-web-directions/,2026-03-12T23:15:00Z,NewsAPI,"A huge weekend reading from Web Directions. This week we have almost certainly the biggest roundup of articles ever in a Weekend Reading–going all the way back to about 2006. We also announced a significant number of speakers for AI Engineer across all tracks. This one is selling fast, so start plannin…",1,0.9762224788441143,0.9524449576882286,False,Other Tech,0.8272947072982788,0.006616950035095215,Tech Business & Industry,0.8206777572631836
,dmagent 1.0.9,DarkMatter — self-organizing mesh networks for AI agents via MCP,"A required part of this site couldnt load. This may be due to a browser
 extension, network issues, or browser settings. Please check your
 connection, disable any ad blockers, or try using a diffe… [+12 chars]",https://pypi.org/project/dmagent/1.0.9/,2026-03-12T23:14:57Z,NewsAPI,dmagent 1.0.9. DarkMatter — self-organizing mesh networks for AI agents via MCP,1,0.9952653590381786,0.9905307180763572,False,Other Tech,0.8300312757492065,0.007619023323059082,Security,0.8224122524261475
,Sunday raises $165M at $1.15B valuation to launch Memo household robot,"Helpful home robots startup Sunday Inc. announced today that it had raised $165 million in new funding on a $1.15 billion valuation to scale research and begin real-world deployment of its Memo home robot. Founded in 2023, Sunday is developing autonomous robo…",Helpful home robots startup Sunday Inc. announced today that it had raised $165 million in new funding on a $1.15 billion valuation to scale research and begin real-world deployment of its Memo home … [+4298 chars],https://siliconangle.com/2026/03/12/sunday-raises-165m-1-15b-valuation-launch-memo-household-robot/,2026-03-12T23:13:08Z,NewsAPI,"Sunday raises $165M at $1.15B valuation to launch Memo household robot. Helpful home robots startup Sunday Inc. announced today that it had raised $165 million in new funding on a $1.15 billion valuation to scale research and begin real-world deployment of its Memo home robot. Founded in 2023, Sunday is developing autonomous robo…",1,0.8873793195723767,0.7747586391447534,False,Other Tech,0.8073667287826538,0.002849578857421875,Other Tech,0.8045171499252319
,"Risky Biz Soap Box: It took a decade, but allowlisting is cool again","In this Soap Box edition of the Risky Business podcast Patrick Gray sits down with Airlock Digital co-founders Daniel Schell and David Cottingham to talk about the role AI models could play in managing enterprise allowlists.

They also talk about the durabili…","Presented by
In this Soap Box edition of the Risky Business podcast Patrick Gray sits down with Airlock Digital co-founders Daniel Schell and David Cottingham to talk about the role AI models could … [+423 chars]",https://risky.biz/SOAPBOX105/,2026-03-12T23:12:14Z,NewsAPI,"Risky Biz Soap Box: It took a decade, but allowlisting is cool again. In this Soap Box edition of the Risky Business podcast Patrick Gray sits down with Airlock Digital co-founders Daniel Schell and David Cottingham to talk about the role AI models could play in managing enterprise allowlists. They also talk about the durabili…",1,0.8957240385897522,0.7914480771795045,False,Other Tech,0.8112286329269409,0.006006598472595215,Data & Databases,0.8052220344543457
,The Most Popular MAGA Influencer Is An AI Model For Foot Fetishists,"Gullible MAGA guys probably don't even care if ""Jessica"" is real or not. They want her to be real. Sort of like their cult-like devotion to Trump.
Source: Fast Company
Do you know who Jessica Foster is? Neither did I until last week, which is surprising becau…","Gullible MAGA guys probably don't even care if ""Jessica"" is real or not. They want her to be real. Sort of like their cult-like devotion to Trump.
Source: Fast Company
Do you know who Jessica Foste… [+1760 chars]",https://crooksandliars.com/2026/03/most-popular-maga-influencer-ai-model-foot,2026-03-12T23:12:05Z,NewsAPI,"The Most Popular MAGA Influencer Is An AI Model For Foot Fetishists. Gullible MAGA guys probably don't even care if ""Jessica"" is real or not. They want her to be real. Sort of like their cult-like devotion to Trump. Source: Fast Company Do you know who Jessica Foster is? Neither did I until last week, which is surprising becau…",1,0.9319227423799404,0.8638454847598809,False,Other Tech,0.8044367432594299,0.024587273597717285,Frameworks & Libraries,0.7798494696617126
,opensearch-genai-observability-sdk-py 0.2.6,OpenSearch AI Observability SDK — OTEL-native tracing and scoring for LLM applications,"A required part of this site couldnt load. This may be due to a browser
 extension, network issues, or browser settings. Please check your
 connection, disable any ad blockers, or try using a diffe… [+12 chars]",https://pypi.org/project/opensearch-genai-observability-sdk-py/0.2.6/,2026-03-12T23:11:08Z,NewsAPI,opensearch-genai-observability-sdk-py 0.2.6. OpenSearch AI Observability SDK — OTEL-native tracing and scoring for LLM applications,1,0.9982486030798767,0.9964972061597535,False,Other Tech,0.8373894095420837,0.0006236433982849121,Data & Databases,0.8367657661437988
,reviewd 0.4.9,"Local AI code reviewer for GitHub and BitBucket PRs — uses Claude, Gemini, or Codex CLI to review pull requests and post structured comments","A required part of this site couldnt load. This may be due to a browser
 extension, network issues, or browser settings. Please check your
 connection, disable any ad blockers, or try using a diffe… [+12 chars]",https://pypi.org/project/reviewd/0.4.9/,2026-03-12T23:10:55Z,NewsAPI,"reviewd 0.4.9. Local AI code reviewer for GitHub and BitBucket PRs — uses Claude, Gemini, or Codex CLI to review pull requests and post structured comments",1,0.9974996248639122,0.9949992497278244,False,Other Tech,0.8507790565490723,0.012824475765228271,Frameworks & Libraries,0.837954580783844
,Everpure Extends ActiveCluster to File Services for Fleet-Wide Data Mobility,Everpure has expanded its Enterprise Data Cloud strategy by adding ActiveCluster support for file workloads. This new capability aims to provide policy-driven availability and mobility across the entire storage fleet. It ensures that data remains accessible a…,Everpure has expanded its Enterprise Data Cloud strategy by adding ActiveCluster support for file workloads. This new capability aims to provide policy-driven availability and mobility across the ent… [+4441 chars],https://www.storagereview.com/news/everpure-extends-activecluster-to-file-services-for-fleet-wide-data-mobility,2026-03-12T23:08:58Z,NewsAPI,Everpure Extends ActiveCluster to File Services for Fleet-Wide Data Mobility. Everpure has expanded its Enterprise Data Cloud strategy by adding ActiveCluster support for file workloads. This new capability aims to provide policy-driven availability and mobility across the entire storage fleet. It ensures that data remains accessible a…,1,0.9938027628374074,0.9876055256748149,False,Other Tech,0.8156833648681641,0.01161283254623413,Data & Databases,0.8040705323219299
,terradev-cli 4.0.12,Cross-Cloud Compute Optimization Platform with Migration & Evaluation - v4.0.12,"A required part of this site couldnt load. This may be due to a browser
 extension, network issues, or browser settings. Please check your
 connection, disable any ad blockers, or try using a diffe… [+12 chars]",https://pypi.org/project/terradev-cli/4.0.12/,2026-03-12T23:08:51Z,NewsAPI,terradev-cli 4.0.12. Cross-Cloud Compute Optimization Platform with Migration & Evaluation - v4.0.12,1,0.9993517843633961,0.9987035687267922,False,Other Tech,0.8620353937149048,0.00686037540435791,Mobile & Client Platforms,0.8551750183105469
,cloudisk 0.2.0,A decentralized content distribution system. Run your own cloud.,"A required part of this site couldnt load. This may be due to a browser
 extension, network issues, or browser settings. Please check your
 connection, disable any ad blockers, or try using a diffe… [+12 chars]",https://pypi.org/project/cloudisk/0.2.0/,2026-03-12T23:08:45Z,NewsAPI,cloudisk 0.2.0. A decentralized content distribution system. Run your own cloud.,1,0.9995777528449332,0.9991555056898664,False,Other Tech,0.8557912707328796,0.006107747554779053,Security,0.8496835231781006
,plexmix 0.5.5,AI-powered Plex playlist generator using mood-based queries,"A required part of this site couldnt load. This may be due to a browser
 extension, network issues, or browser settings. Please check your
 connection, disable any ad blockers, or try using a diffe… [+12 chars]",https://pypi.org/project/plexmix/0.5.5/,2026-03-12T23:08:39Z,NewsAPI,plexmix 0.5.5. AI-powered Plex playlist generator using mood-based queries,1,0.9910949209067781,0.9821898418135562,False,Other Tech,0.8157091736793518,0.0032539963722229004,AI/ML,0.8124551773071289
,clsync 1.0.6,Sync Claude Code knowledge across machines via a shared git repository and AI-powered synthesis,"A required part of this site couldnt load. This may be due to a browser
 extension, network issues, or browser settings. Please check your
 connection, disable any ad blockers, or try using a diffe… [+12 chars]",https://pypi.org/project/clsync/1.0.6/,2026-03-12T23:07:24Z,NewsAPI,clsync 1.0.6. Sync Claude Code knowledge across machines via a shared git repository and AI-powered synthesis,1,0.9962663202876143,0.9925326405752286,False,Other Tech,0.8268026113510132,0.01039034128189087,DevOps & Platform Engineering,0.8164122700691223
,Peacock is adding an AI Andy Cohen to narrate an endless stream of Bravo clips,"When you open your Peacock mobile app this summer, you might see the AI likeness of TV host Andy Cohen pop up on your homepage. In an announcement on Friday, NBCUniversal said Cohen's avatar will serve as a guide through Peacock's ""infinitely swipeable"" feed …","<ul><li></li><li></li><li></li></ul>
Youll find Cohens AI likeness in a new Bravoverse feed thats tailored to your favorite shows.
Youll find Cohens AI likeness in a new Bravoverse feed thats tailo… [+3022 chars]",https://www.theverge.com/streaming/894128/peacock-nbcuniversal-ai-andy-cohen-bravo,2026-03-12T23:06:51Z,NewsAPI,"Peacock is adding an AI Andy Cohen to narrate an endless stream of Bravo clips. When you open your Peacock mobile app this summer, you might see the AI likeness of TV host Andy Cohen pop up on your homepage. In an announcement on Friday, NBCUniversal said Cohen's avatar will serve as a guide through Peacock's ""infinitely swipeable"" feed …",1,0.9529062617364213,0.9058125234728427,False,Other Tech,0.7637498378753662,0.0037679672241210938,Other Tech,0.7599818706512451
,lmprobe 0.5.9,Train linear probes on language model activations for AI safety monitoring,"A required part of this site couldnt load. This may be due to a browser
 extension, network issues, or browser settings. Please check your
 connection, disable any ad blockers, or try using a diffe… [+12 chars]",https://pypi.org/project/lmprobe/0.5.9/,2026-03-12T23:04:34Z,NewsAPI,lmprobe 0.5.9. Train linear probes on language model activations for AI safety monitoring,1,0.9782888421511826,0.9565776843023652,False,AI/ML,0.8464539051055908,0.03215426206588745,Programming Languages,0.8142996430397034
,Chinese banks boost loans to tech sector as Beijing ramps up AI push,,"If you click 'Accept all', we and our partners, including 245 who are part of the IAB Transparency &amp; Consent Framework, will also store and / or access information on a device (in other words, us… [+1046 chars]",https://consent.yahoo.com/v2/collectConsent?sessionId=1_cc-session_33c80c69-6c23-48a8-aa45-639d0f53c382,2026-03-12T23:04:10Z,NewsAPI,Chinese banks boost loans to tech sector as Beijing ramps up AI push.,1,0.8454290652343774,0.6908581304687549,False,Other Tech,0.830917477607727,0.004135847091674805,Tech Business & Industry,0.8267816305160522
,boostedtravel 0.2.3,"Agent-native flight search & booking. 400+ airlines, 48 direct LCC scrapers run locally. Built for autonomous AI agents.","A required part of this site couldnt load. This may be due to a browser
 extension, network issues, or browser settings. Please check your
 connection, disable any ad blockers, or try using a diffe… [+12 chars]",https://pypi.org/project/boostedtravel/0.2.3/,2026-03-12T23:04:04Z,NewsAPI,"boostedtravel 0.2.3. Agent-native flight search & booking. 400+ airlines, 48 direct LCC scrapers run locally. Built for autonomous AI agents.",1,0.9674770249010274,0.9349540498020548,False,Other Tech,0.8317356109619141,0.005330324172973633,Data & Databases,0.8264052867889404
,snowflake-snowconvert-testing-orchestration 0.1.55,Capture and validate stored procedure baselines during database migrations to Snowflake,"A required part of this site couldnt load. This may be due to a browser
 extension, network issues, or browser settings. Please check your
 connection, disable any ad blockers, or try using a diffe… [+12 chars]",https://pypi.org/project/snowflake-snowconvert-testing-orchestration/0.1.55/,2026-03-12T23:04:04Z,NewsAPI,snowflake-snowconvert-testing-orchestration 0.1.55. Capture and validate stored procedure baselines during database migrations to Snowflake,1,0.98672383044909,0.9734476608981799,False,Other Tech,0.8495054244995117,0.027530014514923096,Developer Tools & Collaboration,0.8219754099845886
,Why real-time data is key for enterprise AI,"Moving AI from experiment to production requires high-quality, real-time data streaming. Australia tech leaders from Confluent, Bendigo Bank, Telstra, and Coles share how they are turning systems of record into systems of action","Organisations are investing heavily to harness artificial intelligence (AI) to solve business problems, but putting the technology into production presents significant data quality and availability c… [+6846 chars]",https://www.computerweekly.com/news/366640193/Why-real-time-data-is-key-for-enterprise-AI,2026-03-12T23:03:00Z,NewsAPI,"Why real-time data is key for enterprise AI. Moving AI from experiment to production requires high-quality, real-time data streaming. Australia tech leaders from Confluent, Bendigo Bank, Telstra, and Coles share how they are turning systems of record into systems of action",1,0.9695157276087972,0.9390314552175945,False,Other Tech,0.8372843265533447,0.00893104076385498,DevOps & Platform Engineering,0.8283532857894897
,“Vast wealth of tech billionaires has made many of them unconcerned with the little people’s lives — and deeply unpatriotic.” Is Paul Krugman correct?,Paul Krugman’s essay The Billionaire’s War covers why the wealthy won’t feel the consequences of Trump’s war; instead they’ll fall on the mainstream American. His has particularly harsh judgment of the technology elite. …the vast wealth of tech billionaires h…,Paul Krugman’s essay The Billionaire’s War covers why the wealthy won’t feel the consequences of Trump’s war; instead they’ll fall on the mainstream American. His has particularly harsh judgment of t… [+3727 chars],https://hunterwalk.com/2026/03/12/vast-wealth-of-tech-billionaires-has-made-many-of-them-unconcerned-with-the-little-peoples-lives-and-deeply-unpatriotic-is-paul-krugman-correct/,2026-03-12T23:01:46Z,NewsAPI,“Vast wealth of tech billionaires has made many of them unconcerned with the little people’s lives — and deeply unpatriotic.” Is Paul Krugman correct?. Paul Krugman’s essay The Billionaire’s War covers why the wealthy won’t feel the consequences of Trump’s war; instead they’ll fall on the mainstream American. His has particularly harsh judgment of the technology elite. …the vast wealth of tech billionaires h…,1,0.8079255025031382,0.6158510050062764,False,Other Tech,0.8022621870040894,0.002113938331604004,Tech Business & Industry,0.8001482486724854
,XRP Back In The Spotlight As Mastercard Explores Ripple Technology,Interest in XRP is once again gaining momentum after reports that global payments giant Mastercard is exploring collaboration opportunities with Ripple and its blockchain-based payment infrastructure. The development has drawn attention across the digital ass…,"My name is Godspower Owie, and I was born and brought up in Edo State, Nigeria. I grew up with my three siblings who have always been my idols and mentors, helping me to grow and understand the way o… [+2495 chars]",http://www.newsbtc.com/analysis/xrp/xrp-back-in-the-spotlight/,2026-03-12T23:00:51Z,NewsAPI,XRP Back In The Spotlight As Mastercard Explores Ripple Technology. Interest in XRP is once again gaining momentum after reports that global payments giant Mastercard is exploring collaboration opportunities with Ripple and its blockchain-based payment infrastructure. The development has drawn attention across the digital ass…,1,0.8840130716001974,0.7680261432003948,False,Other Tech,0.8075011968612671,0.005745291709899902,Other Tech,0.8017559051513672
,Google Chrome Is Finally Coming To ARM64 Linux,"BrianFagioli writes: Google says it will finally release Chrome for ARM64 Linux in the second quarter of 2026, bringing the company's full browser to a platform that has existed for years without official support. Until now, Linux users running Arm hardware h…","Google says it will finally release Chrome for ARM64 Linux in the second quarter of 2026, bringing the company's full browser to a platform that has existed for years without official support. Until … [+866 chars]",https://apple.slashdot.org/story/26/03/12/2234239/google-chrome-is-finally-coming-to-arm64-linux,2026-03-12T23:00:00Z,NewsAPI,"Google Chrome Is Finally Coming To ARM64 Linux. BrianFagioli writes: Google says it will finally release Chrome for ARM64 Linux in the second quarter of 2026, bringing the company's full browser to a platform that has existed for years without official support. Until now, Linux users running Arm hardware h…",1,0.9991610963042663,0.9983221926085326,False,Other Tech,0.7933636903762817,0.008505463600158691,Cloud & Infrastructure,0.784858226776123
,"Firefly Aerospace to Announce Fourth Quarter 2025 Financial Results on March 19, 2026","CEDAR PARK, Texas, March 12, 2026 (GLOBE NEWSWIRE) -- Firefly Aerospace (Nasdaq: FLY), a market leading space and defense technology company, today announced it will release its fourth quarter 2025 financial results for the period ended December 31, 2025, on …","CEDAR PARK, Texas, March 12, 2026 (GLOBE NEWSWIRE) -- Firefly Aerospace (Nasdaq: FLY), a market leading space and defense technology company, today announced it will release its fourth quarter 2025 f… [+1474 chars]",https://www.globenewswire.com/news-release/2026/03/12/3255219/0/en/Firefly-Aerospace-to-Announce-Fourth-Quarter-2025-Financial-Results-on-March-19-2026.html,2026-03-12T23:00:00Z,NewsAPI,"Firefly Aerospace to Announce Fourth Quarter 2025 Financial Results on March 19, 2026. CEDAR PARK, Texas, March 12, 2026 (GLOBE NEWSWIRE) -- Firefly Aerospace (Nasdaq: FLY), a market leading space and defense technology company, today announced it will release its fourth quarter 2025 financial results for the period ended December 31, 2025, on …",1,0.5620705487623263,0.12414109752465263,True,Other Tech,0.8011060953140259,0.01007843017578125,Other Tech,0.7910276651382446
,"Anthropic, Google and OpenAI Bet Big on India",Silicon Valley’s leading artificial intelligence companies are rapidly expanding their presence in India as they compete for access to what may be the world’s most important growth market for AI outside China. The shift reflects a broader realization within t…,Silicon Valleys leading artificial intelligence companies are rapidly expanding their presence in India as they compete for access to what may be the worlds most important growth market for AI outsid… [+4377 chars],https://www.pymnts.com/artificial-intelligence-2/2026/anthropic-google-and-openai-bet-big-on-india/,2026-03-12T22:59:06Z,NewsAPI,"Anthropic, Google and OpenAI Bet Big on India. Silicon Valley’s leading artificial intelligence companies are rapidly expanding their presence in India as they compete for access to what may be the world’s most important growth market for AI outside China. The shift reflects a broader realization within t…",1,0.9466302763708334,0.8932605527416668,False,Other Tech,0.8177875280380249,0.002243220806121826,Tech Business & Industry,0.8155443072319031
,uidetox 1.7.6,Agent harness and CLI to eliminate AI slop from frontend code,"A required part of this site couldnt load. This may be due to a browser
 extension, network issues, or browser settings. Please check your
 connection, disable any ad blockers, or try using a diffe… [+12 chars]",https://pypi.org/project/uidetox/1.7.6/,2026-03-12T22:57:37Z,NewsAPI,uidetox 1.7.6. Agent harness and CLI to eliminate AI slop from frontend code,1,0.9936638788389055,0.987327757677811,False,Other Tech,0.8420817255973816,0.0034998059272766113,DevOps & Platform Engineering,0.838581919670105
,marziel 1.5.1,Private AI with real-time maritime intelligence — runs entirely on your hardware,"A required part of this site couldnt load. This may be due to a browser
 extension, network issues, or browser settings. Please check your
 connection, disable any ad blockers, or try using a diffe… [+12 chars]",https://pypi.org/project/marziel/1.5.1/,2026-03-12T22:55:00Z,NewsAPI,marziel 1.5.1. Private AI with real-time maritime intelligence — runs entirely on your hardware,1,0.9983601753094542,0.9967203506189084,False,Other Tech,0.8214384913444519,0.007319629192352295,DevOps & Platform Engineering,0.8141188621520996
,Earnings Show AI Lending Platforms Scaling Originations,"Earnings season. drawing to close, has offered up a detailed look at how artificial intelligence (AI) is reshaping credit underwriting. In recent weeks, FinTech lenders reported that automated underwriting systems, with AI in the mix, are enabling them to pro…","Earnings season. drawing to close, has offered up a detailed look at how artificial intelligence (AI) is reshaping credit underwriting.In recent weeks, FinTech lenders reported that automated underwr… [+5139 chars]",https://www.pymnts.com/news/b2b-payments/2026/earnings-show-ai-lending-platforms-scaling-originations/,2026-03-12T22:53:50Z,NewsAPI,"Earnings Show AI Lending Platforms Scaling Originations. Earnings season. drawing to close, has offered up a detailed look at how artificial intelligence (AI) is reshaping credit underwriting. In recent weeks, FinTech lenders reported that automated underwriting systems, with AI in the mix, are enabling them to pro…",1,0.9120042043955368,0.8240084087910735,False,Other Tech,0.8228130340576172,0.01959216594696045,Tech Business & Industry,0.8032208681106567
,Canadian Tech Entrepreneur Yanik Guillemette Publishes Analysis on the Future of Artificial Intelligence in the Workplace,"MONTREAL, March 12, 2026 (GLOBE NEWSWIRE) — Canadian technology entrepreneur Yanik Guillemette has published a new analysis examining how artificial intelligence is expected to reshape modern workplaces over the coming decade, particularly in the areas of pro…","Workplaces are becoming more complex, particularly with hybrid and remote work models, said Yanik Guillemette. Artificial intelligence has the potential to provide organizations with insights that we… [+3419 chars]",https://financialpost.com/globe-newswire/canadian-tech-entrepreneur-yanik-guillemette-publishes-analysis-on-the-future-of-artificial-intelligence-in-the-workplace,2026-03-12T22:52:42Z,NewsAPI,"Canadian Tech Entrepreneur Yanik Guillemette Publishes Analysis on the Future of Artificial Intelligence in the Workplace. MONTREAL, March 12, 2026 (GLOBE NEWSWIRE) — Canadian technology entrepreneur Yanik Guillemette has published a new analysis examining how artificial intelligence is expected to reshape modern workplaces over the coming decade, particularly in the areas of pro…",1,0.9210447303174822,0.8420894606349645,False,Other Tech,0.8216369152069092,0.0025806427001953125,Tech Business & Industry,0.8190562725067139
,cognigraph 0.11.0,"Dev Intelligence Layer — turn any codebase into a reasoning-ready knowledge graph. Works with any IDE, any AI tool, or plain terminal.","A required part of this site couldnt load. This may be due to a browser
 extension, network issues, or browser settings. Please check your
 connection, disable any ad blockers, or try using a diffe… [+12 chars]",https://pypi.org/project/cognigraph/0.11.0/,2026-03-12T22:51:34Z,NewsAPI,"cognigraph 0.11.0. Dev Intelligence Layer — turn any codebase into a reasoning-ready knowledge graph. Works with any IDE, any AI tool, or plain terminal.",1,0.992889595013097,0.9857791900261941,False,Other Tech,0.832065224647522,0.009929418563842773,DevOps & Platform Engineering,0.8221358060836792
,lilbee 0.4.3,"Local knowledge base for documents and code. Search, ask questions, or chat — standalone or as an AI agent backend via MCP. Fully offline with Ollama.","A required part of this site couldnt load. This may be due to a browser
 extension, network issues, or browser settings. Please check your
 connection, disable any ad blockers, or try using a diffe… [+12 chars]",https://pypi.org/project/lilbee/0.4.3/,2026-03-12T22:50:33Z,NewsAPI,"lilbee 0.4.3. Local knowledge base for documents and code. Search, ask questions, or chat — standalone or as an AI agent backend via MCP. Fully offline with Ollama.",1,0.9975862096528362,0.9951724193056724,False,Other Tech,0.8321398496627808,0.008222460746765137,Programming Languages,0.8239173889160156
,HeronIntelligence-mcp added to PyPI,HeronIntelligence Financial Intelligence — MCP server for AI assistants,"A required part of this site couldnt load. This may be due to a browser
 extension, network issues, or browser settings. Please check your
 connection, disable any ad blockers, or try using a diffe… [+12 chars]",https://pypi.org/project/heronintelligence-mcp/,2026-03-12T22:50:31Z,NewsAPI,HeronIntelligence-mcp added to PyPI. HeronIntelligence Financial Intelligence — MCP server for AI assistants,1,0.9736595920272741,0.9473191840545483,False,Other Tech,0.8276516199111938,0.003955245018005371,DevOps & Platform Engineering,0.8236963748931885
,autobots-client added to PyPI,A Python client library for accessing the Autobots API - Automate your workflows with AI-powered agents,"A required part of this site couldnt load. This may be due to a browser
 extension, network issues, or browser settings. Please check your
 connection, disable any ad blockers, or try using a diffe… [+12 chars]",https://pypi.org/project/autobots-client/,2026-03-12T22:49:44Z,NewsAPI,autobots-client added to PyPI. A Python client library for accessing the Autobots API - Automate your workflows with AI-powered agents,1,0.9940310927776129,0.9880621855552258,False,Other Tech,0.8357795476913452,0.00913238525390625,AI/ML,0.826647162437439
,plutus-ai 0.3.44,"Autonomous AI agent with subprocess orchestration, dynamic tool creation, and a local-first web interface","A required part of this site couldnt load. This may be due to a browser
 extension, network issues, or browser settings. Please check your
 connection, disable any ad blockers, or try using a diffe… [+12 chars]",https://pypi.org/project/plutus-ai/0.3.44/,2026-03-12T22:48:52Z,NewsAPI,"plutus-ai 0.3.44. Autonomous AI agent with subprocess orchestration, dynamic tool creation, and a local-first web interface",1,0.9984303525817556,0.9968607051635112,False,Other Tech,0.8491815328598022,0.009944736957550049,AI/ML,0.8392367959022522
,"SXSW Film & TV Festival 2026: Opening Night, Premieres & Parties Gallery","Filmmakers and festival attendees are in Austin for the 2026 SXSW Film & TV Festival to celebrate the convergence of the tech, film, and music industries across a variety of programming formats and special events. The fest runs March 12-18. Celebrating its 40…","Filmmakers and festival attendees are in Austin for the 2026 SXSW Film &amp; TV Festival to celebrate the convergence of the tech, film, and music industries across a variety of programming formats a… [+5426 chars]",https://deadline.com/gallery/sxsw-film-tv-festival-2026-photo-gallery/,2026-03-12T22:48:20Z,NewsAPI,"SXSW Film & TV Festival 2026: Opening Night, Premieres & Parties Gallery. Filmmakers and festival attendees are in Austin for the 2026 SXSW Film & TV Festival to celebrate the convergence of the tech, film, and music industries across a variety of programming formats and special events. The fest runs March 12-18. Celebrating its 40…",1,0.7201598784893337,0.44031975697866743,False,Other Tech,0.7769823670387268,0.0013834238052368164,Frameworks & Libraries,0.77559894323349
,airbyte-agent-zendesk-talk 0.1.2,Airbyte Zendesk-Talk Connector for AI platforms,"A required part of this site couldnt load. This may be due to a browser
 extension, network issues, or browser settings. Please check your
 connection, disable any ad blockers, or try using a diffe… [+12 chars]",https://pypi.org/project/airbyte-agent-zendesk-talk/0.1.2/,2026-03-12T22:47:07Z,NewsAPI,airbyte-agent-zendesk-talk 0.1.2. Airbyte Zendesk-Talk Connector for AI platforms,1,0.9986497410785389,0.9972994821570778,False,Other Tech,0.8322576880455017,0.006945312023162842,AI/ML,0.8253123760223389
,Canadian Tech Entrepreneur Yanik Guillemette Publishes Analysis on the Future of Artificial Intelligence in the Workplace,Canadian tech entrepreneur Yanik Guillemette publishes an analysis on how (AI) artificial intelligence will reshape workplace productivity & engagement....,"MONTREAL, March 12, 2026 (GLOBE NEWSWIRE) -- Canadian technology entrepreneur Yanik Guillemette has published a new analysis examining how artificial intelligence is expected to reshape modern workpl… [+6300 chars]",https://www.globenewswire.com/news-release/2026/03/12/3255214/0/en/Canadian-Tech-Entrepreneur-Yanik-Guillemette-Publishes-Analysis-on-the-Future-of-Artificial-Intelligence-in-the-Workplace.html,2026-03-12T22:47:00Z,NewsAPI,Canadian Tech Entrepreneur Yanik Guillemette Publishes Analysis on the Future of Artificial Intelligence in the Workplace. Canadian tech entrepreneur Yanik Guillemette publishes an analysis on how (AI) artificial intelligence will reshape workplace productivity & engagement....,1,0.9576607297996743,0.9153214595993486,False,Other Tech,0.8257130980491638,0.002537071704864502,AI/ML,0.8231760263442993
,dashclaw 2.0.4,Python SDK for the DashClaw AI agent decision infrastructure platform,"A required part of this site couldnt load. This may be due to a browser
 extension, network issues, or browser settings. Please check your
 connection, disable any ad blockers, or try using a diffe… [+12 chars]",https://pypi.org/project/dashclaw/2.0.4/,2026-03-12T22:46:57Z,NewsAPI,dashclaw 2.0.4. Python SDK for the DashClaw AI agent decision infrastructure platform,1,0.9934019483734836,0.9868038967469672,False,Other Tech,0.8323056697845459,0.001384139060974121,Programming Languages,0.8309215307235718
,Samsung Bespoke AI Jet Lite Complete 280w $699 (RRP $1399) @ Samsung AU,"Powerful Cleaning Performance Up to 280W Suction Power Designed to help effectively capture dust, hair and debris on multiple-surfaces, the lightweight Hexajet Motor can generate up to 280W of …","This post contains affiliate links. OzBargain might earn commissions when you click through and make purchases. Please see this page for more information.
Powerful Cleaning Performance Up to 280W Su… [+1937 chars]",https://www.ozbargain.com.au/node/951561,2026-03-12T22:46:42Z,NewsAPI,"Samsung Bespoke AI Jet Lite Complete 280w $699 (RRP $1399) @ Samsung AU. Powerful Cleaning Performance Up to 280W Suction Power Designed to help effectively capture dust, hair and debris on multiple-surfaces, the lightweight Hexajet Motor can generate up to 280W of …",1,0.9225940731249063,0.8451881462498125,False,Other Tech,0.7994769811630249,0.009001374244689941,Mobile & Client Platforms,0.790475606918335
,airbyte-agent-monday 0.1.9,Airbyte Monday Connector for AI platforms,"A required part of this site couldnt load. This may be due to a browser
 extension, network issues, or browser settings. Please check your
 connection, disable any ad blockers, or try using a diffe… [+12 chars]",https://pypi.org/project/airbyte-agent-monday/0.1.9/,2026-03-12T22:46:26Z,NewsAPI,airbyte-agent-monday 0.1.9. Airbyte Monday Connector for AI platforms,1,0.9987885689563243,0.9975771379126486,False,Other Tech,0.8326797485351562,0.0074509382247924805,Security,0.8252288103103638
,airbyte-agent-pinterest 0.1.2,Airbyte Pinterest Connector for AI platforms,"A required part of this site couldnt load. This may be due to a browser
 extension, network issues, or browser settings. Please check your
 connection, disable any ad blockers, or try using a diffe… [+12 chars]",https://pypi.org/project/airbyte-agent-pinterest/0.1.2/,2026-03-12T22:46:23Z,NewsAPI,airbyte-agent-pinterest 0.1.2. Airbyte Pinterest Connector for AI platforms,1,0.9991865717509776,0.9983731435019552,False,Other Tech,0.8231321573257446,0.010268628597259521,Cloud & Infrastructure,0.8128635287284851
,airbyte-agent-chargebee 0.1.3,Airbyte Chargebee Connector for AI platforms,"A required part of this site couldnt load. This may be due to a browser
 extension, network issues, or browser settings. Please check your
 connection, disable any ad blockers, or try using a diffe… [+12 chars]",https://pypi.org/project/airbyte-agent-chargebee/0.1.3/,2026-03-12T22:45:40Z,NewsAPI,airbyte-agent-chargebee 0.1.3. Airbyte Chargebee Connector for AI platforms,1,0.9995711455128082,0.9991422910256165,False,Other Tech,0.8177624344825745,0.006495296955108643,Cloud & Infrastructure,0.8112671375274658
,airbyte-agent-woocommerce 0.1.3,Airbyte Woocommerce Connector for AI platforms,"A required part of this site couldnt load. This may be due to a browser
 extension, network issues, or browser settings. Please check your
 connection, disable any ad blockers, or try using a diffe… [+12 chars]",https://pypi.org/project/airbyte-agent-woocommerce/0.1.3/,2026-03-12T22:45:38Z,NewsAPI,airbyte-agent-woocommerce 0.1.3. Airbyte Woocommerce Connector for AI platforms,1,0.9976774969358791,0.9953549938717583,False,Other Tech,0.8292478322982788,0.007263541221618652,DevOps & Platform Engineering,0.8219842910766602
,airbyte-agent-airtable 0.1.46,Airbyte Airtable Connector for AI platforms,"A required part of this site couldnt load. This may be due to a browser
 extension, network issues, or browser settings. Please check your
 connection, disable any ad blockers, or try using a diffe… [+12 chars]",https://pypi.org/project/airbyte-agent-airtable/0.1.46/,2026-03-12T22:45:36Z,NewsAPI,airbyte-agent-airtable 0.1.46. Airbyte Airtable Connector for AI platforms,1,0.9990536050606106,0.9981072101212212,False,Other Tech,0.825041651725769,0.0020391345024108887,Cloud & Infrastructure,0.8230025172233582
,airbyte-agent-intercom 0.1.87,Airbyte Intercom Connector for AI platforms,"A required part of this site couldnt load. This may be due to a browser
 extension, network issues, or browser settings. Please check your
 connection, disable any ad blockers, or try using a diffe… [+12 chars]",https://pypi.org/project/airbyte-agent-intercom/0.1.87/,2026-03-12T22:45:34Z,NewsAPI,airbyte-agent-intercom 0.1.87. Airbyte Intercom Connector for AI platforms,1,0.9988064156063896,0.9976128312127792,False,Other Tech,0.8247498273849487,0.0006954669952392578,Cloud & Infrastructure,0.8240543603897095
,airbyte-agent-gong 0.19.123,Airbyte Gong Connector for AI platforms,"A required part of this site couldnt load. This may be due to a browser
 extension, network issues, or browser settings. Please check your
 connection, disable any ad blockers, or try using a diffe… [+12 chars]",https://pypi.org/project/airbyte-agent-gong/0.19.123/,2026-03-12T22:45:31Z,NewsAPI,airbyte-agent-gong 0.19.123. Airbyte Gong Connector for AI platforms,1,0.9990710394045562,0.9981420788091124,False,Other Tech,0.829167366027832,0.007049620151519775,Cloud & Infrastructure,0.8221177458763123
,airbyte-agent-facebook-marketing 0.1.54,Airbyte Facebook-Marketing Connector for AI platforms,"A required part of this site couldnt load. This may be due to a browser
 extension, network issues, or browser settings. Please check your
 connection, disable any ad blockers, or try using a diffe… [+12 chars]",https://pypi.org/project/airbyte-agent-facebook-marketing/0.1.54/,2026-03-12T22:45:30Z,NewsAPI,airbyte-agent-facebook-marketing 0.1.54. Airbyte Facebook-Marketing Connector for AI platforms,1,0.9982558948424586,0.9965117896849172,False,Other Tech,0.8211051225662231,0.008067429065704346,Cloud & Infrastructure,0.8130376935005188
,airbyte-agent-salesforce 0.1.110,Airbyte Salesforce Connector for AI platforms,"A required part of this site couldnt load. This may be due to a browser
 extension, network issues, or browser settings. Please check your
 connection, disable any ad blockers, or try using a diffe… [+12 chars]",https://pypi.org/project/airbyte-agent-salesforce/0.1.110/,2026-03-12T22:45:24Z,NewsAPI,airbyte-agent-salesforce 0.1.110. Airbyte Salesforce Connector for AI platforms,1,0.9982479725973755,0.996495945194751,False,Other Tech,0.8214961290359497,0.0025287866592407227,Cloud & Infrastructure,0.818967342376709
,airbyte-agent-shopify 0.1.68,Airbyte Shopify Connector for AI platforms,"A required part of this site couldnt load. This may be due to a browser
 extension, network issues, or browser settings. Please check your
 connection, disable any ad blockers, or try using a diffe… [+12 chars]",https://pypi.org/project/airbyte-agent-shopify/0.1.68/,2026-03-12T22:45:22Z,NewsAPI,airbyte-agent-shopify 0.1.68. Airbyte Shopify Connector for AI platforms,1,0.9985936840748614,0.9971873681497228,False,Other Tech,0.8213845491409302,0.0040128231048583984,Security,0.8173717260360718
,airbyte-agent-tiktok-marketing 0.1.18,Airbyte Tiktok-Marketing Connector for AI platforms,"A required part of this site couldnt load. This may be due to a browser
 extension, network issues, or browser settings. Please check your
 connection, disable any ad blockers, or try using a diffe… [+12 chars]",https://pypi.org/project/airbyte-agent-tiktok-marketing/0.1.18/,2026-03-12T22:45:19Z,NewsAPI,airbyte-agent-tiktok-marketing 0.1.18. Airbyte Tiktok-Marketing Connector for AI platforms,1,0.9977576037812064,0.9955152075624127,False,Other Tech,0.8258776664733887,0.00012028217315673828,Cloud & Infrastructure,0.8257573843002319
,airbyte-agent-greenhouse 0.17.112,Airbyte Greenhouse Connector for AI platforms,"A required part of this site couldnt load. This may be due to a browser
 extension, network issues, or browser settings. Please check your
 connection, disable any ad blockers, or try using a diffe… [+12 chars]",https://pypi.org/project/airbyte-agent-greenhouse/0.17.112/,2026-03-12T22:45:18Z,NewsAPI,airbyte-agent-greenhouse 0.17.112. Airbyte Greenhouse Connector for AI platforms,1,0.999621332612883,0.999242665225766,False,Other Tech,0.8344908356666565,0.0038229823112487793,AI/ML,0.8306678533554077
,airbyte-agent-clickup-api 0.1.3,Airbyte Clickup-Api Connector for AI platforms,"A required part of this site couldnt load. This may be due to a browser
 extension, network issues, or browser settings. Please check your
 connection, disable any ad blockers, or try using a diffe… [+12 chars]",https://pypi.org/project/airbyte-agent-clickup-api/0.1.3/,2026-03-12T22:45:05Z,NewsAPI,airbyte-agent-clickup-api 0.1.3. Airbyte Clickup-Api Connector for AI platforms,1,0.9985247417634486,0.9970494835268973,False,Other Tech,0.8267480134963989,0.007869362831115723,Mobile & Client Platforms,0.8188786506652832
,airbyte-agent-incident-io 0.1.7,Airbyte Incident-Io Connector for AI platforms,"A required part of this site couldnt load. This may be due to a browser
 extension, network issues, or browser settings. Please check your
 connection, disable any ad blockers, or try using a diffe… [+12 chars]",https://pypi.org/project/airbyte-agent-incident-io/0.1.7/,2026-03-12T22:45:02Z,NewsAPI,airbyte-agent-incident-io 0.1.7. Airbyte Incident-Io Connector for AI platforms,1,0.9976523742550784,0.9953047485101567,False,Other Tech,0.8296242952346802,0.005848407745361328,DevOps & Platform Engineering,0.8237758874893188
,airbyte-agent-hubspot 0.15.119,Airbyte Hubspot Connector for AI platforms,"A required part of this site couldnt load. This may be due to a browser
 extension, network issues, or browser settings. Please check your
 connection, disable any ad blockers, or try using a diffe… [+12 chars]",https://pypi.org/project/airbyte-agent-hubspot/0.15.119/,2026-03-12T22:45:01Z,NewsAPI,airbyte-agent-hubspot 0.15.119. Airbyte Hubspot Connector for AI platforms,1,0.9988874828814861,0.9977749657629722,False,Other Tech,0.8221580982208252,0.0015230774879455566,AI/ML,0.8206350207328796
,airbyte-agent-jira 0.1.108,Airbyte Jira Connector for AI platforms,"A required part of this site couldnt load. This may be due to a browser
 extension, network issues, or browser settings. Please check your
 connection, disable any ad blockers, or try using a diffe… [+12 chars]",https://pypi.org/project/airbyte-agent-jira/0.1.108/,2026-03-12T22:44:59Z,NewsAPI,airbyte-agent-jira 0.1.108. Airbyte Jira Connector for AI platforms,1,0.9989415474311933,0.9978830948623867,False,Other Tech,0.8238130807876587,0.0029431581497192383,Security,0.8208699226379395
,airbyte-agent-orb 0.1.47,Airbyte Orb Connector for AI platforms,"A required part of this site couldnt load. This may be due to a browser
 extension, network issues, or browser settings. Please check your
 connection, disable any ad blockers, or try using a diffe… [+12 chars]",https://pypi.org/project/airbyte-agent-orb/0.1.47/,2026-03-12T22:44:58Z,NewsAPI,airbyte-agent-orb 0.1.47. Airbyte Orb Connector for AI platforms,1,0.9996864726581516,0.9993729453163032,False,Other Tech,0.8327453136444092,0.006018638610839844,Cloud & Infrastructure,0.8267266750335693
,airbyte-agent-pylon 0.1.13,Airbyte Pylon Connector for AI platforms,"A required part of this site couldnt load. This may be due to a browser
 extension, network issues, or browser settings. Please check your
 connection, disable any ad blockers, or try using a diffe… [+12 chars]",https://pypi.org/project/airbyte-agent-pylon/0.1.13/,2026-03-12T22:44:57Z,NewsAPI,airbyte-agent-pylon 0.1.13. Airbyte Pylon Connector for AI platforms,1,0.9991819103987218,0.9983638207974437,False,Other Tech,0.8254120945930481,0.012797176837921143,Security,0.812614917755127
,airbyte-agent-amazon-seller-partner 0.1.4,Airbyte Amazon-Seller-Partner Connector for AI platforms,"A required part of this site couldnt load. This may be due to a browser
 extension, network issues, or browser settings. Please check your
 connection, disable any ad blockers, or try using a diffe… [+12 chars]",https://pypi.org/project/airbyte-agent-amazon-seller-partner/0.1.4/,2026-03-12T22:44:56Z,NewsAPI,airbyte-agent-amazon-seller-partner 0.1.4. Airbyte Amazon-Seller-Partner Connector for AI platforms,1,0.9963997693639465,0.992799538727893,False,Other Tech,0.8178755640983582,0.004298031330108643,Security,0.8135775327682495
,airbyte-agent-github 0.18.120,Airbyte Github Connector for AI platforms,"A required part of this site couldnt load. This may be due to a browser
 extension, network issues, or browser settings. Please check your
 connection, disable any ad blockers, or try using a diffe… [+12 chars]",https://pypi.org/project/airbyte-agent-github/0.18.120/,2026-03-12T22:44:53Z,NewsAPI,airbyte-agent-github 0.18.120. Airbyte Github Connector for AI platforms,1,0.9992643310823415,0.998528662164683,False,Other Tech,0.8356229066848755,0.005552411079406738,AI/ML,0.8300704956054688
,airbyte-agent-mailchimp 0.1.72,Airbyte Mailchimp Connector for AI platforms,"A required part of this site couldnt load. This may be due to a browser
 extension, network issues, or browser settings. Please check your
 connection, disable any ad blockers, or try using a diffe… [+12 chars]",https://pypi.org/project/airbyte-agent-mailchimp/0.1.72/,2026-03-12T22:44:49Z,NewsAPI,airbyte-agent-mailchimp 0.1.72. Airbyte Mailchimp Connector for AI platforms,1,0.9996217887456386,0.9992435774912771,False,Other Tech,0.8288619518280029,0.012510478496551514,Security,0.8163514733314514
,airbyte-agent-slack 0.1.81,Airbyte Slack Connector for AI platforms,"A required part of this site couldnt load. This may be due to a browser
 extension, network issues, or browser settings. Please check your
 connection, disable any ad blockers, or try using a diffe… [+12 chars]",https://pypi.org/project/airbyte-agent-slack/0.1.81/,2026-03-12T22:44:46Z,NewsAPI,airbyte-agent-slack 0.1.81. Airbyte Slack Connector for AI platforms,1,0.9989688456531286,0.9979376913062572,False,Other Tech,0.8265423774719238,0.004999637603759766,AI/ML,0.8215427398681641
,airbyte-agent-twilio 0.1.3,Airbyte Twilio Connector for AI platforms,"A required part of this site couldnt load. This may be due to a browser
 extension, network issues, or browser settings. Please check your
 connection, disable any ad blockers, or try using a diffe… [+12 chars]",https://pypi.org/project/airbyte-agent-twilio/0.1.3/,2026-03-12T22:44:44Z,NewsAPI,airbyte-agent-twilio 0.1.3. Airbyte Twilio Connector for AI platforms,1,0.9991010672684151,0.9982021345368302,False,Other Tech,0.8278647661209106,0.007882475852966309,DevOps & Platform Engineering,0.8199822902679443
,airbyte-agent-stripe 0.5.115,Airbyte Stripe Connector for AI platforms,"A required part of this site couldnt load. This may be due to a browser
 extension, network issues, or browser settings. Please check your
 connection, disable any ad blockers, or try using a diffe… [+12 chars]",https://pypi.org/project/airbyte-agent-stripe/0.5.115/,2026-03-12T22:44:44Z,NewsAPI,airbyte-agent-stripe 0.5.115. Airbyte Stripe Connector for AI platforms,1,0.9971919846894427,0.9943839693788854,False,Other Tech,0.8256370425224304,0.010326921939849854,Cloud & Infrastructure,0.8153101205825806
